Transaction_ID,Date,Customer_ID,Customer_Segment,Region,City,Product_ID,Product,Category,Quantity,Unit_Price,Discount_Percent,Payment_Method,Sales_Channel,Customer_Rating,Delivery_Days,Gross_Sales,Discount_Amount,Net_Sales,Cost,Profit
T00001,2026-08-03,C0075,Regular,South,Bengaluru,P002,Smartphone,Electronics,4,34752.19,10.0,Cash,Mobile App,3.6,3,139008.76,13900.88,125107.88,112000,13107.88
T00002,2026-06-19,C0015,Regular,North,Jaipur,P006,Study Table,Furniture,2,7183.52,10.0,Debit Card,Website,4.0,5,14367.04,1436.7,12930.34,12400,530.34
T00003,2026-08-30,C0009,Premium,West,Ahmedabad,P002,Smartphone,Electronics,1,37413.57,25.0,Credit Card,Mobile App,3.3,4,37413.57,9353.39,28060.18,28000,60.18
T00004,2026-02-23,C0106,Regular,South,Hyderabad,P002,Smartphone,Electronics,2,31617.7,15.0,Cash,Marketplace,4.1,6,63235.4,9485.31,53750.09,56000,-2249.91
T00005,2026-02-22,C0024,Regular,West,Pune,P002,Smartphone,Electronics,1,32699.5,10.0,debit card,Mobile App,3.4,2,32699.5,3269.95,29429.55,28000,1429.55
T00006,2026-05-19,C0081,Regular,North,Delhi,P010,Air Fryer,Home Appliances,4,8162.3,0.0,Debit Card,Mobile App,3.9,3,32649.2,0.0,32649.2,28800,3849.2
T00007,2026-03-03,C0037,Regular,North,Lucknow,P009,Coffee Maker,Home Appliances,2,5307.65,10.0,Debit Card,Mobile App,4.2,4,10615.3,1061.53,9553.77,9600,-46.23
T00008,2026-01-15,C0090,Premium,West,Mumbai,P006,Study Table,Furniture,4,7522.61,10.0,Cash,Website,4.0,6,30090.44,3009.04,27081.4,24800,2281.4
T00009,2026-01-13,C0071,Regular,East,Bhubaneswar,P002,Smartphone,Electronics,3,34321.2,5.0,Net Banking,Marketplace,4.3,6,102963.6,5148.18,97815.42,84000,13815.42
T00010,2026-07-09,C0129,Regular,West,Pune,P009,Coffee Maker,Home Appliances,2,5342.23,5.0,UPI,Marketplace,2.3,5,10684.46,534.22,10150.24,9600,550.24
T00011,2026-08-21,C0113,Premium,North,Lucknow,P003,Headphones,Electronics,1,3601.4,5.0,Credit Card,Marketplace,4.0,1,3601.4,180.07,3421.33,3200,221.33
T00012,2026-08-12,C0129,Regular,South,Bengaluru,P010,Air Fryer,Home Appliances,1,9674.54,10.0,Credit Card,Mobile App,5.0,1,9674.54,967.45,8707.09,7200,1507.09
T00013,2026-04-08,C0139,Budget,East,Patna,P008,Running Shoes,Fashion,1,4468.16,5.0,UPI,Website,5.0,4,4468.16,223.41,4244.75,3500,744.75
T00014,2026-07-18,C0052,Budget,West,Ahmedabad,P003,Headphones,Electronics,3,4155.41,5.0,Credit Card,Marketplace,4.8,6,12466.23,623.31,11842.92,9600,2242.92
T00015,2026-03-01,C0113,Regular,North,Lucknow,P009,Coffee Maker,Home Appliances,1,6039.34,15.0,Net Banking,Mobile App,3.9,4,6039.34,905.9,5133.44,4800,333.44
T00016,2026-04-26,C0075,Budget,South,Hyderabad,P008,Running Shoes,Fashion,5,4618.3,15.0,Net Banking,Marketplace,4.2,3,23091.5,3463.72,19627.78,17500,2127.78
T00017,2026-06-10,C0068,Regular,North,Jaipur,P006,Study Table,Furniture,3,7787.38,5.0,Cash,Website,4.9,3,23362.14,1168.11,22194.03,18600,3594.03
T00018,2026-06-07,C0038,Budget,East,Kolkata,P006,Study Table,Furniture,2,7761.22,5.0,Debit Card,Marketplace,4.8,5,15522.44,776.12,14746.32,12400,2346.32
T00019,2026-02-04,C0049,Premium,South,Hyderabad,P005,Office Chair,Furniture,1,9945.48,5.0,Net Banking,Marketplace,1.0,5,9945.48,497.27,9448.21,7800,1648.21
T00020,2026-06-10,C0067,Premium,West,Ahmedabad,P010,Air Fryer,Home Appliances,1,8370.28,5.0,UPI,Website,3.3,7,8370.28,418.51,7951.77,7200,751.77
T00021,2026-06-25,C0039,Regular,South,Chennai,P009,Coffee Maker,Home Appliances,3,6087.33,15.0,Credit Card,Marketplace,4.3,12,18261.99,2739.3,15522.69,14400,1122.69
T00022,2026-05-23,C0092,Regular,West,Mumbai,P001,Laptop,Electronics,2,56872.79,20.0,Debit Card,Mobile App,2.8,5,113745.58,22749.12,90996.46,104000,-13003.54
T00023,2026-04-11,C0008,Budget,East,Bhubaneswar,P003,Headphones,Electronics,1,3718.02,10.0,upi,Marketplace,4.8,4,3718.02,371.8,3346.22,3200,146.22
T00024,2026-05-04,C0106,Regular,North,Jaipur,P006,Study Table,Furniture,3,7911.48,25.0,UPI,Website,5.0,3,23734.44,5933.61,17800.83,18600,-799.17
T00025,2026-02-27,C0122,Premium,South,Chennai,P010,Air Fryer,Home Appliances,4,9128.97,10.0,Credit Card,Website,4.1,5,36515.88,3651.59,32864.29,28800,4064.29
T00026,2026-03-27,C0029,Premium,South,Hyderabad,P005,Office Chair,Furniture,3,8524.49,10.0,Cash,Website,4.5,5,25573.47,2557.35,23016.12,23400,-383.88
T00027,2026-06-29,C0138,Regular,South,Chennai,P005,Office Chair,Furniture,2,9720.98,10.0,,Mobile App,5.0,5,19441.96,1944.2,17497.76,15600,1897.76
T00028,2026-06-27,C0124,Premium,East,Patna,P010,Air Fryer,Home Appliances,4,9013.17,15.0,Cash,Mobile App,3.9,5,36052.68,5407.9,30644.78,28800,1844.78
T00029,2026-09-10,C0035,Regular,West,Pune,P002,Smartphone,Electronics,1,31862.29,10.0,Credit Card,Website,3.6,6,31862.29,3186.23,28676.06,28000,676.06
T00030,2026-09-06,C0138,Regular,North,Delhi,P004,Keyboard,Electronics,5,2399.28,10.0,Debit Card,Marketplace,2.8,2,11996.4,1199.64,10796.76,11000,-203.24
T00031,2026-08-05,C0099,Premium,West,Ahmedabad,P010,Air Fryer,Home Appliances,4,8609.96,15.0,UPI,Mobile App,2.4,4,34439.84,5165.98,29273.86,28800,473.86
T00032,2026-07-25,C0128,Regular,South,Hyderabad,P004,Keyboard,Electronics,1,2913.8,0.0,Credit Card,Mobile App,2.8,3,2913.8,0.0,2913.8,2200,713.8
T00033,2026-06-30,C0042,Budget,South,Hyderabad,P003,Headphones,Electronics,5,4131.04,0.0,Credit Card,Mobile App,3.8,6,20655.2,0.0,20655.2,16000,4655.2
T00034,2026-05-21,C0137,Budget,North,Delhi,P008,Running Shoes,Fashion,3,3875.56,0.0,Credit Card,Website,3.0,4,11626.68,0.0,11626.68,10500,1126.68
T00035,2026-05-12,C0036,Regular,East,Kolkata,P004,Keyboard,Electronics,4,2938.67,25.0,Debit Card,Mobile App,2.7,7,11754.68,2938.67,8816.01,8800,16.01
T00036,2026-05-28,C0061,Budget,West,Ahmedabad,P005,Office Chair,Furniture,1,9277.36,10.0,UPI,Mobile App,3.6,1,9277.36,927.74,8349.62,7800,549.62
T00037,2026-06-09,C0061,Regular,South,Bengaluru,P009,Coffee Maker,Home Appliances,1,6432.34,0.0,Cash,Marketplace,4.1,2,6432.34,0.0,6432.34,4800,1632.34
T00038,2026-02-23,C0118,Regular,West,Pune,P002,Smartphone,Electronics,1,32466.37,25.0,UPI,Marketplace,3.4,4,32466.37,8116.59,24349.78,28000,-3650.22
T00039,2026-08-08,C0101,Budget,South,Chennai,P002,Smartphone,Electronics,2,32911.34,,Debit Card,Mobile App,2.8,5,65822.68,6582.27,59240.41,56000,3240.41
T00040,2026-07-16,C0047,Budget,West,Mumbai,P002,Smartphone,Electronics,1,37350.42,10.0,Credit Card,Marketplace,4.0,3,37350.42,3735.04,33615.38,28000,5615.38
T00041,2026-06-26,C0098,Premium,West,Ahmedabad,P002,Smartphone,Electronics,3,33119.53,25.0,UPI,Website,4.1,3,99358.59,24839.65,74518.94,84000,-9481.06
T00042,2026-03-24,C0145,Regular,South,Bengaluru,P010,Air Fryer,Home Appliances,2,9270.91,20.0,UPI,Website,4.1,5,18541.82,3708.36,14833.46,14400,433.46
T00043,2026-09-07,C0118,Budget,North,Delhi,P008,Running Shoes,Fashion,1,4033.9,0.0,Credit Card,Marketplace,5.0,8,4033.9,0.0,4033.9,3500,533.9
T00044,2026-03-07,C0075,Regular,West,Mumbai,P006,Study Table,Furniture,2,7399.98,15.0,Net Banking,Marketplace,5.0,7,14799.96,2219.99,12579.97,12400,179.97
T00045,2026-01-30,C0106,Budget,South,Hyderabad,P010,Air Fryer,Home Appliances,2,8775.2,15.0,Cash,Mobile App,4.8,4,17550.4,2632.56,14917.84,14400,517.84
T00046,2026-08-28,C0115,Regular,West,Mumbai,P010,Air Fryer,Home Appliances,2,8415.09,10.0,Debit Card,Website,3.3,5,16830.18,1683.02,15147.16,14400,747.16
T00047,2026-02-20,C0147,Budget,South,Hyderabad,P009,Coffee Maker,Home Appliances,2,6445.15,10.0,Credit Card,Website,3.9,2,12890.3,1289.03,11601.27,9600,2001.27
T00048,2026-02-16,C0121,Regular,North,Jaipur,P002,Smartphone,Electronics,2,32671.17,0.0,Debit Card,Marketplace,3.9,4,65342.34,0.0,65342.34,56000,9342.34
T00049,2026-01-14,C0028,Regular,West,Mumbai,P006,Study Table,Furniture,6,7594.25,20.0,Credit Card,Mobile App,4.4,5,45565.5,9113.1,36452.4,37200,-747.6
T00050,2026-07-11,C0119,Regular,South,Hyderabad,P001,Laptop,Electronics,4,61132.22,10.0,Credit Card,Mobile App,3.0,4,244528.88,24452.89,220075.99,208000,12075.99
T00051,2026-04-21,C0034,Regular,South,Bengaluru,P007,Backpack,Fashion,4,2186.24,0.0,UPI,Mobile App,3.0,2,8744.96,0.0,8744.96,7200,1544.96
T00052,2026-05-30,C0021,Premium,,Pune,P003,Headphones,Electronics,2,3741.42,20.0,Net Banking,Marketplace,4.1,6,7482.84,1496.57,5986.27,6400,-413.73
T00053,2026-07-13,C0079,Regular,,Ahmedabad,P009,Coffee Maker,Home Appliances,1,5405.47,15.0,Credit Card,Website,3.6,5,5405.47,810.82,4594.65,4800,-205.35
T00054,2026-05-22,C0064,Premium,South,Hyderabad,P002,Smartphone,Electronics,3,34245.59,15.0,Debit Card,Marketplace,4.6,1,102736.77,15410.52,87326.25,84000,3326.25
T00055,2026-03-25,C0065,Premium,South,Chennai,P006,Study Table,Furniture,2,7033.7,15.0,UPI,Mobile App,3.5,9,14067.4,2110.11,11957.29,12400,-442.71
T00056,2026-05-17,C0076,Regular,South,Chennai,P002,Smartphone,Electronics,4,35879.57,,UPI,Mobile App,4.8,5,143518.28,14351.83,129166.45,112000,17166.45
T00057,2026-03-19,C0062,Regular,,Delhi,P008,Running Shoes,Fashion,4,4559.75,5.0,Cash,Mobile App,3.7,8,18239.0,911.95,17327.05,14000,3327.05
T00058,2026-05-25,C0053,Budget,East,Patna,P007,Backpack,Fashion,2,2157.23,10.0,Debit Card,Mobile App,2.8,2,4314.46,431.45,3883.01,3600,283.01
T00059,2026-08-19,C0038,Budget,East,Bhubaneswar,P002,Smartphone,Electronics,4,34927.75,10.0,Cash,Website,5.0,5,139711.0,13971.1,125739.9,112000,13739.9
T00060,2026-07-03,C0015,Budget,West,Mumbai,P002,Smartphone,Electronics,2,33103.89,10.0,Cash,Mobile App,4.9,3,66207.78,6620.78,59587.0,56000,3587.0
T00061,2026-01-11,C0074,Regular,North,Lucknow,P007,Backpack,Fashion,2,2066.37,5.0,Credit Card,Marketplace,4.2,2,4132.74,206.64,3926.1,3600,326.1
T00062,2026-05-13,C0120,Premium,South,Bengaluru,P003,Headphones,Electronics,3,3968.32,0.0,Credit Card,Mobile App,3.6,4,11904.96,0.0,11904.96,9600,2304.96
T00063,2026-04-20,C0057,Regular,North,Jaipur,P010,Air Fryer,Home Appliances,5,8652.43,0.0,Debit Card,Mobile App,3.6,4,43262.15,0.0,43262.15,36000,7262.15
T00064,2026-03-16,C0038,Regular,South,Bengaluru,P001,Laptop,Electronics,2,61750.29,10.0,Credit Card,Mobile App,4.1,6,123500.58,12350.06,111150.52,104000,7150.52
T00065,2026-06-10,C0029,Regular,North,Lucknow,P002,Smartphone,Electronics,1,34007.66,10.0,Credit Card,Website,3.3,5,34007.66,3400.77,30606.89,28000,2606.89
T00066,2026-09-14,C0141,Regular,West,Mumbai,P006,Study Table,Furniture,4,7591.71,5.0,Debit Card,Website,3.9,4,30366.84,1518.34,28848.5,24800,4048.5
T00067,2026-06-24,C0113,Regular,North,Delhi,P004,Keyboard,Electronics,4,2724.95,5.0,Debit Card,Website,4.2,3,10899.8,544.99,10354.81,8800,1554.81
T00068,2026-06-27,C0135,Regular,West,Pune,P003,Headphones,Electronics,3,3809.15,0.0,UPI,Mobile App,3.5,3,11427.45,0.0,11427.45,9600,1827.45
T00069,2026-09-21,C0035,Regular,South,Chennai,P004,Keyboard,Electronics,2,2903.15,10.0,Debit Card,Marketplace,2.9,2,5806.3,580.63,5225.67,4400,825.67
T00070,2026-02-05,C0029,Regular,North,Jaipur,P002,Smartphone,Electronics,1,30440.58,5.0,Credit Card,Marketplace,3.0,6,30440.58,1522.03,28918.55,28000,918.55
T00071,2026-08-10,C0137,Regular,West,Ahmedabad,P006,Study Table,Furniture,1,7740.83,10.0,Net Banking,Website,4.1,2,7740.83,774.08,6966.75,6200,766.75
T00072,2026-02-09,C0025,Regular,West,Ahmedabad,P008,Running Shoes,Fashion,2,3801.23,5.0,Debit Card,Mobile App,4.7,6,7602.46,380.12,7222.34,7000,222.34
T00073,2026-03-17,C0087,Premium,West,Mumbai,P009,Coffee Maker,Home Appliances,2,5271.06,10.0,Cash,Website,4.6,2,10542.12,1054.21,9487.91,9600,-112.09
T00074,2026-07-09,C0122,Regular,South,Bengaluru,P007,Backpack,Fashion,1,2388.4,10.0,Credit Card,Website,3.8,4,2388.4,238.84,2149.56,1800,349.56
T00075,2026-07-06,C0039,Regular,East,Bhubaneswar,P001,Laptop,Electronics,4,62298.2,20.0,Credit Card,Website,2.9,4,249192.8,49838.56,199354.24,208000,-8645.76
T00076,2026-07-20,C0073,Premium,South,Hyderabad,P006,Study Table,Furniture,1,7526.92,10.0,UPI,Mobile App,4.5,7,7526.92,752.69,6774.23,6200,574.23
T00077,2026-01-12,C0019,Regular,South,Hyderabad,P009,Coffee Maker,Home Appliances,4,6084.33,5.0,Debit Card,Marketplace,3.1,4,24337.32,1216.87,23120.45,19200,3920.45
T00078,2026-07-17,C0025,Budget,South,Hyderabad,P008,Running Shoes,Fashion,4,4402.55,15.0,Net Banking,Website,,4,17610.2,2641.53,14968.67,14000,968.67
T00079,2026-03-23,C0116,Budget,North,Delhi,P008,Running Shoes,Fashion,1,3888.94,10.0,Credit Card,Mobile App,4.9,7,3888.94,388.89,3500.05,3500,0.05
T00080,2026-02-08,C0015,Budget,South,Bengaluru,P001,Laptop,Electronics,3,60931.84,15.0,Net Banking,Mobile App,4.7,1,182795.52,27419.33,155376.19,156000,-623.81
T00081,2026-09-08,C0013,Regular,West,Pune,P009,Coffee Maker,Home Appliances,2,5782.68,25.0,Debit Card,Website,5.0,3,11565.36,2891.34,8674.02,9600,-925.98
T00082,2026-06-26,C0003,Regular,South,Bengaluru,P008,Running Shoes,Fashion,2,4178.18,15.0,Credit Card,Website,2.7,2,8356.36,1253.45,7102.91,7000,102.91
T00083,2026-01-11,C0062,Regular,East,Patna,P010,Air Fryer,Home Appliances,4,7949.81,10.0,UPI,Mobile App,3.9,3,31799.24,3179.92,28619.32,28800,-180.68
T00084,2026-08-06,C0003,Budget,West,Pune,P007,Backpack,Fashion,2,2056.11,5.0,Credit card,Website,3.8,2,4112.22,205.61,3906.61,3600,306.61
T00085,2026-03-30,C0073,Budget,West,Pune,P010,Air Fryer,Home Appliances,5,8676.81,10.0,Cash,Website,3.8,5,43384.05,4338.4,39045.65,36000,3045.65
T00086,2026-01-25,C0005,Regular,North,Delhi,P001,Laptop,Electronics,4,56657.33,5.0,Credit Card,Mobile App,3.1,3,226629.32,11331.47,215297.85,208000,7297.85
T00087,2026-03-22,C0114,Regular,East,Bhubaneswar,P006,Study Table,Furniture,6,6879.25,20.0,Cash,Marketplace,5.0,6,41275.5,8255.1,33020.4,37200,-4179.6
T00088,2026-02-28,C0059,Premium,South,Bengaluru,P003,Headphones,Electronics,4,4144.98,15.0,Cash,Marketplace,4.7,6,16579.92,2486.99,14092.93,12800,1292.93
T00089,2026-01-31,C0023,Premium,East,Bhubaneswar,P002,Smartphone,Electronics,5,37507.54,10.0,Debit Card,Website,5.0,5,187537.7,18753.77,168783.93,140000,28783.93
T00090,2026-08-11,C0098,Regular,South,Chennai,P003,Headphones,Electronics,3,4303.74,10.0,Cash,Mobile App,4.2,3,12911.22,1291.12,11620.1,9600,2020.1
T00091,2026-07-15,C0148,Regular,South,Chennai,P004,Keyboard,Electronics,3,2929.62,0.0,Credit Card,Marketplace,4.3,3,8788.86,0.0,8788.86,6600,2188.86
T00092,2026-07-11,C0029,Regular,East,Bhubaneswar,P004,Keyboard,Electronics,3,2403.17,20.0,Debit Card,Website,5.0,4,7209.51,1441.9,5767.61,6600,-832.39
T00093,2026-02-08,C0015,Budget,East,Bhubaneswar,P002,Smartphone,Electronics,2,37378.94,0.0,,Website,4.3,5,74757.88,0.0,74757.88,56000,18757.88
T00094,2026-01-21,C0047,Regular,North,Lucknow,P003,Headphones,Electronics,6,3586.51,10.0,Debit Card,Marketplace,3.8,7,21519.06,2151.91,19367.15,19200,167.15
T00095,2026-01-12,C0018,Budget,South,Chennai,P009,Coffee Maker,Home Appliances,1,5460.18,0.0,Debit Card,Marketplace,4.2,4,5460.18,0.0,5460.18,4800,660.18
T00096,2026-06-30,C0024,Budget,West,Ahmedabad,P005,Office Chair,Furniture,2,8461.62,15.0,Debit Card,Website,5.0,7,16923.24,2538.49,14384.75,15600,-1215.25
T00097,2026-04-27,C0130,Budget,South,Bengaluru,P002,Smartphone,Electronics,2,30725.42,10.0,Debit Card,Marketplace,3.9,2,61450.84,6145.08,55305.76,56000,-694.24
T00098,2026-04-12,C0136,Regular,East,Bhubaneswar,P005,Office Chair,Furniture,3,9038.24,15.0,Debit Card,Website,4.0,2,27114.72,4067.21,23047.51,23400,-352.49
T00099,2026-08-21,C0077,Premium,East,Kolkata,P006,Study Table,Furniture,1,7242.5,10.0,Credit Card,Marketplace,4.4,2,7242.5,724.25,6518.25,6200,318.25
T00100,2026-01-09,C0006,Regular,West,Pune,P002,Smartphone,Electronics,1,35051.41,15.0,UPI,Mobile App,4.3,5,35051.41,5257.71,29793.7,28000,1793.7
T00101,2026-01-22,C0127,Regular,West,Pune,P007,Backpack,Fashion,2,2265.16,10.0,UPI,Website,5.0,3,4530.32,453.03,4077.29,3600,477.29
T00102,2026-06-22,C0136,Budget,East,Kolkata,P005,Office Chair,Furniture,3,9116.91,10.0,Cash,Mobile App,5.0,4,27350.73,2735.07,24615.66,23400,1215.66
T00103,2026-08-31,C0035,Regular,East,Bhubaneswar,P004,Keyboard,Electronics,2,2669.01,0.0,UPI,Marketplace,4.7,3,5338.02,0.0,5338.02,4400,938.02
T00104,2026-09-07,C0117,Regular,East,Bhubaneswar,P010,Air Fryer,Home Appliances,1,9461.51,10.0,Net Banking,Marketplace,3.9,6,9461.51,946.15,8515.36,7200,1315.36
T00105,2026-01-21,C0143,Regular,South,Hyderabad,P003,Headphones,Electronics,2,3787.64,10.0,Credit Card,Mobile App,4.2,3,7575.28,757.53,6817.75,6400,417.75
T00106,2026-03-25,C0130,Premium,South,Chennai,P002,Smartphone,Electronics,2,34722.46,10.0,UPI,Website,3.2,6,69444.92,6944.49,62500.43,56000,6500.43
T00107,2026-03-21,C0093,Regular,West,Mumbai,P003,Headphones,Electronics,1,4219.53,10.0,UPI,Mobile App,4.4,1,4219.53,421.95,3797.58,3200,597.58
T00108,2026-06-14,C0049,Budget,East,Bhubaneswar,P002,Smartphone,Electronics,1,35807.2,,Net Banking,Mobile App,4.1,6,35807.2,5371.08,30436.12,28000,2436.12
T00109,2026-01-01,C0119,Regular,South,Chennai,P010,Air Fryer,Home Appliances,1,8225.32,0.0,Cash,Marketplace,4.1,1,8225.32,0.0,8225.32,7200,1025.32
T00110,2026-08-05,C0050,Budget,North,Jaipur,P004,Keyboard,Electronics,2,2783.46,0.0,Debit Card,Mobile App,3.4,5,5566.92,0.0,5566.92,4400,1166.92
T00111,2026-05-09,C0008,Premium,North,Delhi,P002,Smartphone,Electronics,5,35780.72,5.0,Cash,Marketplace,4.5,2,178903.6,8945.18,169958.42,140000,29958.42
T00112,2026-08-20,C0113,Premium,West,Ahmedabad,P007,Backpack,Fashion,2,2244.27,20.0,UPI,Mobile App,3.3,5,4488.54,897.71,3590.83,3600,-9.17
T00113,2026-07-11,C0063,Budget,East,Kolkata,P007,Backpack,Fashion,2,2113.41,5.0,UPI,Marketplace,,4,4226.82,211.34,4015.48,3600,415.48
T00114,2026-03-23,C0141,Budget,South,Hyderabad,P009,Coffee Maker,Home Appliances,2,5607.83,15.0,Debit Card,Marketplace,3.0,2,11215.66,1682.35,9533.31,9600,-66.69
T00115,2026-04-03,C0049,Regular,East,Kolkata,P003,Headphones,Electronics,2,3798.29,15.0,Debit Card,Website,4.1,3,7596.58,1139.49,6457.09,6400,57.09
T00116,2026-04-27,C0012,Premium,East,Bhubaneswar,P008,Running Shoes,Fashion,2,4292.53,25.0,,Website,2.4,3,8585.06,2146.26,6438.8,7000,-561.2
T00117,2026-04-27,C0124,Budget,South,Chennai,P008,Running Shoes,Fashion,6,3797.23,5.0,Credit card,Marketplace,3.5,3,22783.38,1139.17,21644.21,21000,644.21
T00118,2026-05-24,C0106,Regular,South,Bengaluru,P003,Headphones,Electronics,2,4149.81,10.0,Credit Card,Website,3.3,4,8299.62,829.96,7469.66,6400,1069.66
T00119,2026-02-05,C0084,Regular,West,Ahmedabad,P006,Study Table,Furniture,3,6874.91,10.0,UPI,Website,3.3,4,20624.73,2062.47,18562.26,18600,-37.74
T00120,2026-01-10,C0122,Regular,North,Jaipur,P009,Coffee Maker,Home Appliances,5,5479.59,5.0,Credit Card,Marketplace,3.2,3,27397.95,1369.9,26028.05,24000,2028.05
T00121,2026-06-13,C0069,Premium,,Pune,P008,Running Shoes,Fashion,4,4414.5,15.0,Debit Card,Marketplace,5.0,1,17658.0,2648.7,15009.3,14000,1009.3
T00122,2026-03-19,C0077,Regular,North,Delhi,P007,Backpack,Fashion,3,2209.69,5.0,UPI,Marketplace,4.3,2,6629.07,331.45,6297.62,5400,897.62
T00123,2026-01-19,C0068,Regular,South,Chennai,P005,Office Chair,Furniture,3,8457.32,5.0,Credit Card,Marketplace,3.5,6,25371.96,1268.6,24103.36,23400,703.36
T00124,2026-09-26,C0049,Budget,East,Patna,P004,Keyboard,Electronics,2,2580.07,10.0,Net Banking,Marketplace,4.2,1,5160.14,516.01,4644.13,4400,244.13
T00125,2026-05-10,C0002,Regular,West,Pune,P007,Backpack,Fashion,1,2166.03,5.0,Debit Card,Mobile App,3.5,4,2166.03,108.3,2057.73,1800,257.73
T00126,2026-06-07,C0121,Budget,East,Kolkata,P002,Smartphone,Electronics,3,31759.06,10.0,Net Banking,Website,4.7,5,95277.18,9527.72,85749.46,84000,1749.46
T00127,2026-09-05,C0108,Regular,West,Mumbai,P002,Smartphone,Electronics,6,30391.4,15.0,Cash,Website,4.5,3,182348.4,27352.26,154996.14,168000,-13003.86
T00128,2026-05-31,C0114,Regular,West,Mumbai,P009,Coffee Maker,Home Appliances,4,6102.53,0.0,UPI,Website,4.1,5,24410.12,0.0,24410.12,19200,5210.12
T00129,2026-05-23,C0086,Regular,South,Chennai,P005,Office Chair,Furniture,20,9510.02,20.0,Net Banking,Website,3.7,6,28530.06,5706.01,22824.05,23400,-575.95
T00130,2026-06-12,C0066,Premium,West,Pune,P008,Running Shoes,Fashion,1,3980.32,15.0,Debit Card,Website,4.0,4,3980.32,597.05,3383.27,3500,-116.73
T00131,2026-08-26,C0125,Regular,West,Mumbai,P005,Office Chair,Furniture,2,9701.02,0.0,Debit Card,Website,3.8,2,19402.04,0.0,19402.04,15600,3802.04
T00132,2026-05-08,C0096,Regular,North,Jaipur,P005,Office Chair,Furniture,1,8592.41,15.0,Net Banking,Mobile App,4.2,2,8592.41,1288.86,7303.55,7800,-496.45
T00133,2026-09-23,C0089,Premium,North,Jaipur,P007,Backpack,Fashion,2,2131.82,10.0,Debit Card,Mobile App,3.0,6,4263.64,426.36,3837.28,3600,237.28
T00134,2026-03-21,C0144,Premium,South,Bengaluru,P002,Smartphone,Electronics,1,32532.76,0.0,Net Banking,Mobile App,3.5,3,32532.76,0.0,32532.76,28000,4532.76
T00135,2026-04-26,C0062,Regular,North,Delhi,P007,Backpack,Fashion,2,2151.08,0.0,Debit Card,Website,4.8,3,4302.16,0.0,4302.16,3600,702.16
T00136,2026-08-18,C0079,Regular,East,Bhubaneswar,P010,Air Fryer,Home Appliances,1,8036.11,,Credit Card,Website,,6,8036.11,803.61,7232.5,7200,32.5
T00137,2026-07-07,C0139,Regular,West,Mumbai,P010,Air Fryer,Home Appliances,4,9641.42,10.0,Net Banking,Website,3.7,5,38565.68,3856.57,34709.11,28800,5909.11
T00138,2026-04-23,C0105,Premium,East,Patna,P004,Keyboard,Electronics,2,2648.91,15.0,UPI,Marketplace,4.2,4,5297.82,794.67,4503.15,4400,103.15
T00139,2026-03-20,C0145,Premium,South,Bengaluru,P009,Coffee Maker,Home Appliances,2,5684.71,10.0,Cash,Website,4.1,7,11369.42,1136.94,10232.48,9600,632.48
T00140,2026-06-01,C0017,Budget,East,Kolkata,P001,Laptop,Electronics,3,65412.86,15.0,Cash,Website,4.2,4,196238.58,29435.79,166802.79,156000,10802.79
T00141,2026-01-08,C0064,Regular,West,Ahmedabad,P007,Backpack,Fashion,1,2028.62,0.0,Net Banking,Marketplace,3.6,5,2028.62,0.0,2028.62,1800,228.62
T00142,2026-06-18,C0122,Regular,West,Ahmedabad,P002,Smartphone,Electronics,1,34889.5,15.0,Credit Card,Website,4.0,2,34889.5,5233.42,29656.08,28000,1656.08
T00143,2026-01-11,C0010,Regular,North,Delhi,P006,Study Table,Furniture,3,8054.9,15.0,Credit Card,Website,3.3,1,24164.7,3624.7,20540.0,18600,1940.0
T00144,2026-06-23,C0113,Regular,South,Bengaluru,P002,Smartphone,Electronics,1,37258.08,15.0,Debit Card,Mobile App,4.5,3,37258.08,5588.71,31669.37,28000,3669.37
T00145,2026-08-26,C0135,Premium,South,Hyderabad,P003,Headphones,Electronics,3,3853.91,15.0,Debit Card,Website,3.5,6,11561.73,1734.26,9827.47,9600,227.47
T00146,2026-04-05,C0088,Regular,South,Bengaluru,P002,Smartphone,Electronics,1,35728.41,15.0,Debit Card,Mobile App,4.4,7,35728.41,5359.26,30369.15,28000,2369.15
T00147,2026-04-21,C0136,Regular,North,Lucknow,P007,Backpack,Fashion,4,2253.24,15.0,UPI,Mobile App,3.8,5,9012.96,1351.94,7661.02,7200,461.02
T00148,2026-08-07,C0066,Regular,North,Jaipur,P007,Backpack,Fashion,2,2304.78,15.0,upi,Mobile App,4.8,4,4609.56,691.43,3918.13,3600,318.13
T00149,2026-08-31,C0070,Budget,West,Mumbai,P001,Laptop,Electronics,3,66811.82,15.0,Cash,Website,5.0,1,200435.46,30065.32,170370.14,156000,14370.14
T00150,2026-07-21,C0038,Premium,West,Pune,P006,Study Table,Furniture,2,7386.73,15.0,Net Banking,Mobile App,4.1,2,14773.46,2216.02,12557.44,12400,157.44
T00151,2026-09-11,C0024,Regular,South,Chennai,P008,Running Shoes,Fashion,1,3993.04,15.0,Credit Card,Mobile App,3.4,5,3993.04,598.96,3394.08,3500,-105.92
T00152,2026-06-22,C0094,Regular,East,Bhubaneswar,P010,Air Fryer,Home Appliances,1,9380.05,10.0,UPI,Website,4.3,1,9380.05,938.0,8442.05,7200,1242.05
T00153,2026-05-28,C0047,Premium,East,Patna,P008,Running Shoes,Fashion,1,3943.94,10.0,Net Banking,Website,5.0,7,3943.94,394.39,3549.55,3500,49.55
T00154,2026-04-28,C0081,Budget,North,Delhi,P010,Air Fryer,Home Appliances,1,9137.29,10.0,Debit Card,Marketplace,3.7,1,9137.29,913.73,8223.56,7200,1023.56
T00155,2026-03-11,C0090,Premium,West,Mumbai,P005,Office Chair,Furniture,2,9340.49,20.0,Credit Card,Marketplace,3.8,2,18680.98,3736.2,14944.78,15600,-655.22
T00156,2026-08-08,C0135,Regular,West,Mumbai,P010,Air Fryer,Home Appliances,1,7886.91,5.0,Net Banking,Mobile App,4.0,4,7886.91,394.35,7492.56,7200,292.56
T00157,2026-03-25,C0082,Budget,South,Bengaluru,P008,Running Shoes,Fashion,1,4240.75,0.0,UPI,Website,4.7,3,4240.75,0.0,4240.75,3500,740.75
T00158,2026-07-18,C0149,Premium,North,Lucknow,P001,Laptop,Electronics,3,69686.06,10.0,Net Banking,Mobile App,3.9,9,209058.18,20905.82,188152.36,156000,32152.36
T00159,2026-06-10,C0117,Regular,West,Mumbai,P007,Backpack,Fashion,1,2218.75,10.0,Credit Card,Website,4.3,8,2218.75,221.88,1996.87,1800,196.87
T00160,2026-01-17,C0098,Premium,West,Mumbai,P009,Coffee Maker,Home Appliances,3,5271.7,15.0,Credit Card,Mobile App,4.3,6,15815.1,2372.26,13442.84,14400,-957.16
T00161,2026-02-28,C0138,Budget,South,Hyderabad,P007,Backpack,Fashion,2,1974.26,10.0,Debit Card,Mobile App,3.6,2,3948.52,394.85,3553.67,3600,-46.33
T00162,2026-03-20,C0116,Budget,North,Lucknow,P008,Running Shoes,Fashion,3,3796.96,0.0,Debit Card,Marketplace,5.0,5,11390.88,0.0,11390.88,10500,890.88
T00163,2026-08-15,C0006,Regular,South,Chennai,P001,Laptop,Electronics,2,68925.45,10.0,UPI,Website,3.9,2,137850.9,13785.09,124065.81,104000,20065.81
T00164,2026-03-13,C0055,Regular,North,Jaipur,P002,Smartphone,Electronics,2,35966.56,5.0,Credit Card,Website,4.6,5,71933.12,3596.66,68336.46,56000,12336.46
T00165,2026-08-08,C0129,Premium,South,Hyderabad,P004,Keyboard,Electronics,5,2476.3,10.0,debit card,Mobile App,3.6,6,12381.5,1238.15,11143.35,11000,143.35
T00166,2026-01-16,C0129,Regular,West,Pune,P002,Smartphone,Electronics,5,36315.24,10.0,Cash,Mobile App,3.3,5,181576.2,18157.62,163418.58,140000,23418.58
T00167,2026-07-15,C0025,Budget,West,Ahmedabad,P007,Backpack,Fashion,1,2277.81,0.0,Credit Card,Website,3.5,5,2277.81,0.0,2277.81,1800,477.81
T00168,2026-08-01,C0131,Budget,West,Pune,P006,Study Table,Furniture,3,7222.22,10.0,Credit Card,Website,3.6,7,21666.66,2166.67,19499.99,18600,899.99
T00169,2026-05-30,C0017,Budget,West,Ahmedabad,P005,Office Chair,Furniture,3,9795.32,10.0,Debit Card,Marketplace,3.7,5,29385.96,2938.6,26447.36,23400,3047.36
T00170,2026-05-08,C0067,Regular,South,Hyderabad,P002,Smartphone,Electronics,4,31957.48,15.0,UPI,Website,3.6,4,127829.92,19174.49,108655.43,112000,-3344.57
T00171,2026-09-09,C0077,Budget,West,Mumbai,P007,Backpack,Fashion,5,2367.41,15.0,Debit Card,Marketplace,4.4,8,11837.05,1775.56,10061.49,9000,1061.49
T00172,2026-01-30,C0078,Regular,North,Jaipur,P005,Office Chair,Furniture,4,9575.24,10.0,UPI,Website,4.2,4,38300.96,3830.1,34470.86,31200,3270.86
T00173,2026-06-22,C0071,Regular,South,Bengaluru,P003,Headphones,Electronics,5,4107.42,15.0,UPI,Website,3.7,6,20537.1,3080.56,17456.54,16000,1456.54
T00174,2026-09-22,C0064,Regular,West,Pune,P003,Headphones,Electronics,1,3515.05,5.0,Net Banking,Website,3.0,6,3515.05,175.75,3339.3,3200,139.3
T00175,2026-05-05,C0110,Regular,South,Chennai,P006,Study Table,Furniture,1,8164.5,20.0,Cash,Marketplace,3.6,1,8164.5,1632.9,6531.6,6200,331.6
T00176,2026-06-21,C0137,Regular,South,Chennai,P009,Coffee Maker,Home Appliances,2,5266.48,15.0,UPI,Website,3.7,4,10532.96,1579.94,8953.02,9600,-646.98
T00177,2026-08-20,C0021,Regular,West,Pune,P008,Running Shoes,Fashion,3,4623.43,10.0,Net Banking,Mobile App,4.9,6,13870.29,1387.03,12483.26,10500,1983.26
T00178,2026-09-14,C0072,Regular,North,Jaipur,P008,Running Shoes,Fashion,6,4028.23,5.0,UPI,Website,4.1,3,24169.38,1208.47,22960.91,21000,1960.91
T00179,2026-05-22,C0035,Regular,West,Ahmedabad,P003,Headphones,Electronics,6,3742.28,10.0,Net Banking,Website,3.9,4,22453.68,2245.37,20208.31,19200,1008.31
T00180,2026-09-02,C0062,Regular,North,Jaipur,P009,Coffee Maker,Home Appliances,4,5553.24,10.0,UPI,Website,4.1,2,22212.96,2221.3,19991.66,19200,791.66
T00181,2026-05-27,C0139,Premium,North,Lucknow,P009,Coffee Maker,Home Appliances,2,5222.45,15.0,Cash,Website,2.8,1,10444.9,1566.74,8878.16,9600,-721.84
T00182,2026-09-07,C0008,Budget,West,Mumbai,P003,Headphones,Electronics,3,3712.37,15.0,Cash,Marketplace,4.5,2,11137.11,1670.57,9466.54,9600,-133.46
T00183,2026-08-31,C0143,Regular,West,Pune,P002,Smartphone,Electronics,3,34394.85,20.0,Credit Card,Mobile App,3.3,7,103184.55,20636.91,82547.64,84000,-1452.36
T00184,2026-09-16,C0084,Regular,East,Bhubaneswar,P005,Office Chair,Furniture,1,8667.74,5.0,Cash,Marketplace,4.0,3,8667.74,433.39,8234.35,7800,434.35
T00185,2026-08-01,C0062,Regular,North,Delhi,P007,Backpack,Fashion,2,2162.14,0.0,UPI,Mobile App,4.6,5,4324.28,0.0,4324.28,3600,724.28
T00186,2026-01-30,C0108,Budget,East,Bhubaneswar,P004,Keyboard,Electronics,1,2698.27,20.0,Debit Card,Mobile App,5.0,5,2698.27,539.65,2158.62,2200,-41.38
T00187,2026-06-16,C0034,Premium,North,Lucknow,P006,Study Table,Furniture,2,7702.2,15.0,Cash,Mobile App,3.9,5,15404.4,2310.66,13093.74,12400,693.74
T00188,2026-03-05,C0069,Regular,South,Chennai,P007,Backpack,Fashion,2,1978.85,10.0,Net Banking,Mobile App,3.4,4,3957.7,395.77,3561.93,3600,-38.07
T00189,2026-09-17,C0107,Regular,North,Jaipur,P005,Office Chair,Furniture,1,9488.49,25.0,Credit Card,Website,3.5,3,9488.49,2372.12,7116.37,7800,-683.63
T00190,2026-03-28,C0134,Regular,South,Chennai,P010,Air Fryer,Home Appliances,1,9634.31,5.0,Net Banking,Mobile App,4.1,2,9634.31,481.72,9152.59,7200,1952.59
T00191,2026-06-11,C0109,Budget,North,Delhi,P004,Keyboard,Electronics,2,2697.6,5.0,Debit Card,Marketplace,4.7,3,5395.2,269.76,5125.44,4400,725.44
T00192,2026-04-02,C0024,Budget,East,Bhubaneswar,P001,Laptop,Electronics,2,59954.28,25.0,Cash,Mobile App,2.4,3,119908.56,29977.14,89931.42,104000,-14068.58
T00193,2026-01-08,C0028,Budget,West,Pune,P007,Backpack,Fashion,2,2245.64,5.0,Cash,Mobile App,4.2,5,4491.28,224.56,4266.72,3600,666.72
T00194,2026-01-20,C0046,Premium,South,Chennai,P002,Smartphone,Electronics,4,31183.65,15.0,UPI,Marketplace,3.4,4,124734.6,18710.19,106024.41,112000,-5975.59
T00195,2026-08-04,C0143,Regular,West,Pune,P006,Study Table,Furniture,2,7174.4,5.0,UPI,Website,4.3,5,14348.8,717.44,13631.36,12400,1231.36
T00196,2026-04-26,C0081,Regular,South,Hyderabad,P007,Backpack,Fashion,3,2336.0,10.0,UPI,Marketplace,4.4,1,7008.0,700.8,6307.2,5400,907.2
T00197,2026-02-23,C0138,Premium,East,Patna,P008,Running Shoes,Fashion,4,4658.15,0.0,Cash,Website,3.6,6,18632.6,0.0,18632.6,14000,4632.6
T00198,2026-01-30,C0135,Premium,North,Delhi,P008,Running Shoes,Fashion,6,3969.62,25.0,Net Banking,Marketplace,,5,23817.72,5954.43,17863.29,21000,-3136.71
T00199,2026-07-10,C0104,Regular,West,Mumbai,P009,Coffee Maker,Home Appliances,4,6330.21,15.0,Credit Card,Website,2.9,1,25320.84,3798.13,21522.71,19200,2322.71
T00200,2026-02-14,C0061,Premium,North,Lucknow,P006,Study Table,Furniture,3,7661.97,15.0,Credit Card,Website,4.9,4,22985.91,3447.89,19538.02,18600,938.02
T00201,2026-08-03,C0120,Regular,East,Bhubaneswar,P001,Laptop,Electronics,2,60305.88,5.0,Debit Card,Website,4.7,5,120611.76,6030.59,114581.17,104000,10581.17
T00202,2026-08-02,C0031,Budget,South,Chennai,P010,Air Fryer,Home Appliances,3,8471.59,10.0,Credit Card,Mobile App,3.6,4,25414.77,2541.48,22873.29,21600,1273.29
T00203,2026-01-30,C0004,Premium,East,Bhubaneswar,P005,Office Chair,Furniture,1,9062.53,5.0,Credit Card,Mobile App,4.4,6,9062.53,453.13,8609.4,7800,809.4
T00204,2026-04-06,C0038,Budget,South,Bengaluru,P003,Headphones,Electronics,1,3897.62,0.0,Credit Card,Mobile App,4.3,4,3897.62,0.0,3897.62,3200,697.62
T00205,2026-04-10,C0082,Budget,North,Lucknow,P009,Coffee Maker,Home Appliances,1,5916.22,20.0,Cash,Mobile App,4.4,4,5916.22,1183.24,4732.98,4800,-67.02
T00206,2026-04-30,C0138,Premium,East,Kolkata,P007,Backpack,Fashion,2,2132.4,10.0,Cash,Mobile App,4.1,4,4264.8,426.48,3838.32,3600,238.32
T00207,2026-07-30,C0140,Budget,West,Mumbai,P007,Backpack,Fashion,5,2074.72,10.0,UPI,Website,4.0,5,10373.6,1037.36,9336.24,9000,336.24
T00208,2026-01-13,C0141,Regular,South,Hyderabad,P002,Smartphone,Electronics,3,36067.1,0.0,Credit Card,Website,1.0,8,108201.3,0.0,108201.3,84000,24201.3
T00209,2026-09-21,C0007,Premium,West,Mumbai,P008,Running Shoes,Fashion,3,3813.96,10.0,Debit Card,Website,3.2,7,11441.88,1144.19,10297.69,10500,-202.31
T00210,2026-02-18,C0118,Budget,East,Bhubaneswar,P006,Study Table,Furniture,1,6767.99,15.0,Cash,Website,3.0,2,6767.99,1015.2,5752.79,6200,-447.21
T00211,2026-07-01,C0116,Premium,North,Jaipur,P004,Keyboard,Electronics,2,2616.15,10.0,Debit Card,Marketplace,3.9,3,5232.3,523.23,4709.07,4400,309.07
T00212,2026-06-30,C0134,Regular,West,Ahmedabad,P008,Running Shoes,Fashion,4,4272.62,25.0,Cash,Website,3.4,5,17090.48,4272.62,12817.86,14000,-1182.14
T00213,2026-06-09,C0075,Budget,East,Patna,P007,Backpack,Fashion,2,2371.32,15.0,UPI,Website,3.7,3,4742.64,711.4,4031.24,3600,431.24
T00214,2026-08-06,C0004,Budget,West,Mumbai,P003,Headphones,Electronics,1,3874.24,15.0,UPI,Website,5.0,5,3874.24,581.14,3293.1,3200,93.1
T00215,2026-01-26,C0025,Budget,East,Bhubaneswar,P004,Keyboard,Electronics,1,2492.32,0.0,Cash,Website,4.0,5,2492.32,0.0,2492.32,2200,292.32
T00216,2026-08-04,C0057,Budget,West,Ahmedabad,P007,Backpack,Fashion,1,2111.76,20.0,,Mobile App,4.3,4,2111.76,422.35,1689.41,1800,-110.59
T00217,2026-01-15,C0061,Budget,South,Bengaluru,P005,Office Chair,Furniture,1,10441.41,10.0,Cash,Mobile App,3.2,4,10441.41,1044.14,9397.27,7800,1597.27
T00218,2026-06-10,C0075,Budget,South,Hyderabad,P002,Smartphone,Electronics,2,31821.44,,Debit Card,Website,3.5,5,63642.88,0.0,63642.88,56000,7642.88
T00219,2026-01-19,C0055,Regular,East,Patna,P010,Air Fryer,Home Appliances,2,8280.55,10.0,Credit Card,Marketplace,4.4,3,16561.1,1656.11,14904.99,14400,504.99
T00220,2026-01-08,C0141,Budget,West,Pune,P007,Backpack,Fashion,2,2407.11,25.0,Net Banking,Website,4.9,6,4814.22,1203.56,3610.66,3600,10.66
T00221,2026-04-11,C0104,Budget,North,Jaipur,P008,Running Shoes,Fashion,2,3791.44,0.0,Debit Card,Website,3.6,1,7582.88,0.0,7582.88,7000,582.88
T00222,2026-05-09,C0089,Budget,West,Mumbai,P002,Smartphone,Electronics,1,33247.64,20.0,UPI,Mobile App,3.9,3,33247.64,6649.53,26598.11,28000,-1401.89
T00223,2026-04-24,C0001,Premium,South,Bengaluru,P008,Running Shoes,Fashion,1,4313.05,5.0,Cash,Marketplace,3.5,5,4313.05,215.65,4097.4,3500,597.4
T00224,2026-05-19,C0056,Regular,West,Pune,P009,Coffee Maker,Home Appliances,1,6415.8,10.0,Debit Card,Website,3.9,4,6415.8,641.58,5774.22,4800,974.22
T00225,2026-03-25,C0143,Regular,South,Hyderabad,P010,Air Fryer,Home Appliances,5,8591.41,15.0,Cash,Mobile App,3.6,2,42957.05,6443.56,36513.49,36000,513.49
T00226,2026-07-14,C0111,Budget,West,Pune,P001,Laptop,Electronics,1,69368.61,10.0,Cash,Mobile App,3.6,6,69368.61,6936.86,62431.75,52000,10431.75
T00227,2026-03-10,C0095,Premium,West,Pune,P009,Coffee Maker,Home Appliances,2,5550.08,10.0,UPI,Website,4.4,1,11100.16,1110.02,9990.14,9600,390.14
T00228,2026-06-28,C0086,Regular,North,Jaipur,P002,Smartphone,Electronics,1,30316.28,10.0,Net Banking,Website,4.5,7,30316.28,3031.63,27284.65,28000,-715.35
T00229,2026-07-25,C0126,Regular,South,Bengaluru,P004,Keyboard,Electronics,2,2569.23,15.0,Net Banking,Marketplace,3.6,7,5138.46,770.77,4367.69,4400,-32.31
T00230,2026-06-11,C0009,Regular,East,Kolkata,P004,Keyboard,Electronics,2,2823.77,0.0,Credit Card,Mobile App,4.3,4,5647.54,0.0,5647.54,4400,1247.54
T00231,2026-03-22,C0127,Budget,East,Patna,P008,Running Shoes,Fashion,1,4265.59,10.0,Debit Card,Marketplace,3.7,6,4265.59,426.56,3839.03,3500,339.03
T00232,2026-01-03,C0081,Regular,North,Delhi,P002,Smartphone,Electronics,2,32777.22,25.0,Net Banking,Mobile App,5.0,1,65554.44,16388.61,49165.83,56000,-6834.17
T00233,2026-02-12,C0116,Premium,South,Chennai,P002,Smartphone,Electronics,4,,10.0,Credit Card,Mobile App,4.0,10,143169.6,14316.96,128852.64,112000,16852.64
T00234,2026-01-13,C0064,Regular,East,Kolkata,P010,Air Fryer,Home Appliances,1,8757.32,15.0,Debit Card,Website,3.7,2,8757.32,1313.6,7443.72,7200,243.72
T00235,2026-04-24,C0016,Budget,South,Chennai,P007,Backpack,Fashion,4,2065.73,10.0,Debit Card,Website,3.8,4,8262.92,826.29,7436.63,7200,236.63
T00236,2026-01-05,C0057,Budget,South,Chennai,P004,Keyboard,Electronics,1,2620.52,20.0,Cash,Website,3.5,6,2620.52,524.1,2096.42,2200,-103.58
T00237,2026-05-21,C0084,Regular,South,Hyderabad,P007,Backpack,Fashion,1,2043.83,10.0,Debit Card,Mobile App,4.3,4,2043.83,204.38,1839.45,1800,39.45
T00238,2026-06-18,C0082,Regular,West,Pune,P005,Office Chair,Furniture,6,8641.17,,UPI,Website,3.5,4,51847.02,5184.7,46662.32,46800,-137.68
T00239,2026-01-22,C0039,Premium,East,Bhubaneswar,P005,Office Chair,Furniture,1,9029.39,15.0,Net Banking,Website,4.1,2,9029.39,1354.41,7674.98,7800,-125.02
T00240,2026-09-23,C0073,Regular,East,Patna,P006,Study Table,Furniture,3,7874.15,10.0,UPI,Mobile App,5.0,2,23622.45,2362.24,21260.21,18600,2660.21
T00241,2026-01-25,C0028,Regular,North,Lucknow,P009,Coffee Maker,Home Appliances,1,5945.51,15.0,Cash,Mobile App,3.8,1,5945.51,891.83,5053.68,4800,253.68
T00242,2026-05-25,C0074,Premium,West,Mumbai,P009,Coffee Maker,Home Appliances,1,6055.51,25.0,Credit Card,Website,4.2,4,6055.51,1513.88,4541.63,4800,-258.37
T00243,2026-09-30,C0043,Regular,South,Hyderabad,P009,Coffee Maker,Home Appliances,2,5752.15,25.0,Credit Card,Mobile App,4.4,2,11504.3,2876.08,8628.22,9600,-971.78
T00244,2026-03-10,C0043,Regular,West,Ahmedabad,P008,Running Shoes,Fashion,1,4014.72,5.0,Debit Card,Mobile App,4.4,7,4014.72,200.74,3813.98,3500,313.98
T00245,2026-06-13,C0063,Regular,East,Bhubaneswar,P004,Keyboard,Electronics,2,2901.67,10.0,Debit Card,Mobile App,4.6,6,5803.34,580.33,5223.01,4400,823.01
T00246,2026-07-01,C0037,Regular,South,Hyderabad,P008,Running Shoes,Fashion,2,3974.88,15.0,Debit Card,Mobile App,3.1,5,7949.76,1192.46,6757.3,7000,-242.7
T00247,2026-01-18,C0098,Regular,East,Bhubaneswar,P005,Office Chair,Furniture,2,8728.08,15.0,Debit Card,Mobile App,4.3,1,17456.16,2618.42,14837.74,15600,-762.26
T00248,2026-08-30,C0121,Regular,South,Hyderabad,P005,Office Chair,Furniture,5,8645.96,15.0,Cash,Website,4.5,5,43229.8,6484.47,36745.33,39000,-2254.67
T00249,2026-08-22,C0023,Regular,West,Ahmedabad,P002,Smartphone,Electronics,1,32582.14,5.0,Cash,Website,4.3,5,32582.14,1629.11,30953.03,28000,2953.03
T00250,2026-04-07,C0113,Premium,South,Hyderabad,P010,Air Fryer,Home Appliances,2,8465.0,10.0,UPI,Website,3.7,6,16930.0,1693.0,15237.0,14400,837.0
T00251,2026-08-02,C0029,Regular,South,Bengaluru,P007,Backpack,Fashion,4,2361.36,15.0,Cash,Mobile App,3.9,1,9445.44,1416.82,8028.62,7200,828.62
T00252,2026-05-30,C0033,Regular,South,Hyderabad,P001,Laptop,Electronics,3,66442.91,10.0,Debit Card,Mobile App,4.7,8,199328.73,19932.87,179395.86,156000,23395.86
T00253,2026-05-27,C0118,Regular,North,Jaipur,P007,Backpack,Fashion,1,1972.06,10.0,Net Banking,Mobile App,4.0,4,1972.06,197.21,1774.85,1800,-25.15
T00254,2026-05-21,C0129,Regular,West,Mumbai,P006,Study Table,Furniture,3,7871.39,5.0,Cash,Mobile App,4.5,4,23614.17,1180.71,22433.46,18600,3833.46
T00255,2026-04-13,C0053,Budget,South,Chennai,P005,Office Chair,Furniture,1,10034.67,15.0,UPI,Marketplace,3.4,7,10034.67,1505.2,8529.47,7800,729.47
T00256,2026-04-30,C0056,Budget,West,Ahmedabad,P007,Backpack,Fashion,1,1948.85,15.0,UPI,Marketplace,3.8,3,1948.85,292.33,1656.52,1800,-143.48
T00257,2026-05-19,C0030,Regular,South,Hyderabad,P005,Office Chair,Furniture,1,10224.58,20.0,Credit Card,Marketplace,3.8,6,10224.58,2044.92,8179.66,7800,379.66
T00258,2026-02-14,C0079,Regular,,Hyderabad,P001,Laptop,Electronics,3,57200.44,10.0,Cash,Mobile App,3.3,3,171601.32,17160.13,154441.19,156000,-1558.81
T00259,2026-04-17,C0096,Premium,South,Hyderabad,P008,Running Shoes,Fashion,2,4129.16,0.0,Debit Card,Marketplace,3.7,6,8258.32,0.0,8258.32,7000,1258.32
T00260,2026-09-07,C0058,Budget,East,Bhubaneswar,P008,Running Shoes,Fashion,2,,15.0,Cash,Website,4.7,6,7685.62,1152.84,6532.78,7000,-467.22
T00261,2026-08-08,C0134,Regular,,Lucknow,P007,Backpack,Fashion,3,2026.56,5.0,UPI,Website,3.2,8,6079.68,303.98,5775.7,5400,375.7
T00262,2026-09-26,C0011,Regular,West,Pune,P006,Study Table,Furniture,3,6957.94,10.0,Debit Card,Website,4.7,30,20873.82,2087.38,18786.44,18600,186.44
T00263,2026-05-26,C0062,Budget,West,Pune,P005,Office Chair,Furniture,1,8586.1,15.0,UPI,Website,4.1,5,8586.1,1287.92,7298.18,7800,-501.82
T00264,2026-03-15,C0132,Regular,South,Bengaluru,P009,Coffee Maker,Home Appliances,2,5544.88,,Net Banking,Mobile App,3.6,5,11089.76,1663.46,9426.3,9600,-173.7
T00265,2026-01-05,C0060,Premium,North,Delhi,P003,Headphones,Electronics,1,4215.62,5.0,Credit Card,Mobile App,3.1,3,4215.62,210.78,4004.84,3200,804.84
T00266,2026-07-01,C0125,Premium,South,Hyderabad,P010,Air Fryer,Home Appliances,6,9380.61,15.0,Debit Card,Marketplace,4.8,2,56283.66,8442.55,47841.11,43200,4641.11
T00267,2026-09-26,C0113,Budget,West,Pune,P001,Laptop,Electronics,2,64179.12,5.0,Debit Card,Website,4.2,7,128358.24,6417.91,121940.33,104000,17940.33
T00268,2026-07-02,C0099,Budget,South,Bengaluru,P003,Headphones,Electronics,1,4116.4,10.0,Cash,Marketplace,5.0,8,4116.4,411.64,3704.76,3200,504.76
T00269,2026-02-17,C0087,Budget,West,Ahmedabad,P008,Running Shoes,Fashion,3,3910.82,,Credit Card,Website,3.0,4,11732.46,1173.25,10559.21,10500,59.21
T00270,2026-07-22,C0032,Regular,West,Pune,P007,Backpack,Fashion,4,2291.54,10.0,Credit Card,Website,4.1,5,9166.16,916.62,8249.54,7200,1049.54
T00271,2026-03-05,C0071,Regular,North,Lucknow,P007,Backpack,Fashion,3,2077.79,5.0,Net Banking,Website,3.1,8,6233.37,311.67,5921.7,5400,521.7
T00272,2026-09-25,C0040,Budget,West,Pune,P001,Laptop,Electronics,4,64720.15,15.0,Debit Card,Mobile App,4.8,5,258880.6,38832.09,220048.51,208000,12048.51
T00273,2026-01-08,C0029,Regular,East,Bhubaneswar,P006,Study Table,Furniture,3,7290.14,0.0,UPI,Mobile App,3.3,5,21870.42,0.0,21870.42,18600,3270.42
T00274,2026-03-14,C0037,Budget,West,Ahmedabad,P007,Backpack,Fashion,2,2332.84,20.0,upi,Mobile App,3.7,4,4665.68,933.14,3732.54,3600,132.54
T00275,2026-04-08,C0071,Regular,West,Mumbai,P007,Backpack,Fashion,5,2092.74,10.0,Credit Card,Mobile App,,2,10463.7,1046.37,9417.33,9000,417.33
T00276,2026-04-20,C0136,Regular,South,Bengaluru,P008,Running Shoes,Fashion,6,4195.55,5.0,Net Banking,Marketplace,3.1,1,25173.3,1258.66,23914.64,21000,2914.64
T00277,2026-05-10,C0031,Regular,South,Bengaluru,P002,Smartphone,Electronics,5,36112.63,0.0,,Mobile App,4.0,2,180563.15,0.0,180563.15,140000,40563.15
T00278,2026-03-06,C0057,Regular,West,Pune,P003,Headphones,Electronics,1,3606.55,20.0,Cash,Mobile App,5.0,3,3606.55,721.31,2885.24,3200,-314.76
T00279,2026-06-16,C0013,Budget,East,Patna,P010,Air Fryer,Home Appliances,3,8163.33,0.0,debit card,Marketplace,4.0,3,24489.99,0.0,24489.99,21600,2889.99
T00280,2026-08-15,C0048,Regular,South,Bengaluru,P005,Office Chair,Furniture,2,10189.31,5.0,Net Banking,Mobile App,4.6,4,20378.62,1018.93,19359.69,15600,3759.69
T00281,2026-04-05,C0054,Regular,West,Mumbai,P002,Smartphone,Electronics,2,34619.62,10.0,UPI,Mobile App,3.6,3,69239.24,6923.92,62315.32,56000,6315.32
T00282,2026-04-06,C0072,Regular,West,Mumbai,P003,Headphones,Electronics,1,3613.97,15.0,Debit Card,Marketplace,3.8,5,3613.97,542.1,3071.87,3200,-128.13
T00283,2026-09-11,C0084,Regular,East,Kolkata,P008,Running Shoes,Fashion,1,4415.76,5.0,Net Banking,Website,4.2,5,4415.76,220.79,4194.97,3500,694.97
T00284,2026-02-27,C0072,Budget,East,Kolkata,P003,Headphones,Electronics,1,3934.95,5.0,Cash,Marketplace,,4,3934.95,196.75,3738.2,3200,538.2
T00285,2026-01-02,C0145,Regular,West,Mumbai,P005,Office Chair,Furniture,2,10025.77,5.0,Cash,Mobile App,4.8,3,20051.54,1002.58,19048.96,15600,3448.96
T00286,2026-05-23,C0108,Regular,North,Delhi,P008,Running Shoes,Fashion,1,4391.04,5.0,Net Banking,Website,3.5,5,4391.04,219.55,4171.49,3500,671.49
T00287,2026-09-25,C0065,Regular,South,Bengaluru,P008,Running Shoes,Fashion,5,3958.74,20.0,Credit Card,Website,3.7,5,19793.7,3958.74,15834.96,17500,-1665.04
T00288,2026-04-12,C0054,Premium,West,Pune,P007,Backpack,Fashion,2,2395.56,10.0,UPI,Website,3.9,4,4791.12,479.11,4312.01,3600,712.01
T00289,2026-07-03,C0028,Budget,West,Ahmedabad,P001,Laptop,Electronics,3,64545.99,15.0,Cash,Marketplace,3.4,6,193637.97,29045.7,164592.27,156000,8592.27
T00290,2026-07-07,C0083,Regular,South,Chennai,P005,Office Chair,Furniture,3,9567.6,5.0,Debit Card,Website,4.6,3,28702.8,1435.14,27267.66,23400,3867.66
T00291,2026-05-17,C0111,Premium,North,Delhi,P010,Air Fryer,Home Appliances,1,8500.16,20.0,Net Banking,Website,3.6,1,8500.16,1700.03,6800.13,7200,-399.87
T00292,2026-01-10,C0067,Regular,West,Ahmedabad,P003,Headphones,Electronics,2,4027.89,15.0,Debit Card,Mobile App,4.4,2,8055.78,1208.37,6847.41,6400,447.41
T00293,2026-06-25,C0112,Regular,South,Chennai,P009,Coffee Maker,Home Appliances,2,6165.67,5.0,UPI,Mobile App,4.1,5,12331.34,616.57,11714.77,9600,2114.77
T00294,2026-09-07,C0110,Regular,West,Pune,P002,Smartphone,Electronics,2,31123.94,15.0,UPI,Website,4.1,2,62247.88,9337.18,52910.7,56000,-3089.3
T00295,2026-05-31,C0040,Regular,West,Ahmedabad,P001,Laptop,Electronics,3,57646.18,20.0,UPI,Marketplace,3.9,3,172938.54,34587.71,138350.83,156000,-17649.17
T00296,2026-07-16,C0073,Budget,West,Pune,P006,Study Table,Furniture,2,6894.72,25.0,,Mobile App,4.0,4,13789.44,3447.36,10342.08,12400,-2057.92
T00297,2026-08-08,C0122,Budget,South,Hyderabad,P002,Smartphone,Electronics,2,32480.46,20.0,Credit Card,Mobile App,3.7,4,64960.92,12992.18,51968.74,56000,-4031.26
T00298,2026-07-10,C0149,Regular,North,Delhi,P005,Office Chair,Furniture,1,9717.02,5.0,Debit Card,Website,4.7,3,9717.02,485.85,9231.17,7800,1431.17
T00299,2026-06-12,C0110,Premium,South,Chennai,P002,Smartphone,Electronics,4,32949.01,20.0,Cash,Mobile App,4.5,5,131796.04,26359.21,105436.83,112000,-6563.17
T00300,2026-01-26,C0047,Regular,South,Hyderabad,P001,Laptop,Electronics,3,57235.02,10.0,Net Banking,Website,4.8,7,171705.06,17170.51,154534.55,156000,-1465.45
T00301,2026-01-19,C0063,Budget,South,Bengaluru,P008,Running Shoes,Fashion,1,4174.7,0.0,Net Banking,Mobile App,3.2,5,4174.7,0.0,4174.7,3500,674.7
T00302,2026-02-19,C0065,Regular,East,Bhubaneswar,P009,Coffee Maker,Home Appliances,4,5976.93,10.0,Credit card,Mobile App,4.8,7,23907.72,2390.77,21516.95,19200,2316.95
T00303,2026-08-25,C0031,Premium,North,Lucknow,P003,Headphones,Electronics,2,3481.19,20.0,Debit Card,Website,4.6,3,6962.38,1392.48,5569.9,6400,-830.1
T00304,2026-08-18,C0146,Premium,North,Lucknow,P004,Keyboard,Electronics,2,2545.71,0.0,Cash,Mobile App,4.5,5,5091.42,0.0,5091.42,4400,691.42
T00305,2026-04-03,C0006,Regular,North,Delhi,P001,Laptop,Electronics,5,59489.51,0.0,Credit Card,Website,2.9,5,297447.55,0.0,297447.55,260000,37447.55
T00306,2026-04-06,C0132,Regular,West,Pune,P003,Headphones,Electronics,1,3691.01,0.0,UPI,Mobile App,4.9,2,3691.01,0.0,3691.01,3200,491.01
T00307,2026-01-03,C0137,Regular,West,Pune,P002,Smartphone,Electronics,2,34922.24,10.0,UPI,Mobile App,3.4,3,69844.48,6984.45,62860.03,56000,6860.03
T00308,2026-08-25,C0112,Regular,North,Delhi,P003,Headphones,Electronics,2,3928.14,10.0,Credit Card,Marketplace,3.9,2,7856.28,785.63,7070.65,6400,670.65
T00309,2026-01-11,C0085,Budget,North,Delhi,P001,Laptop,Electronics,1,60872.15,0.0,Cash,Website,3.4,2,60872.15,0.0,60872.15,52000,8872.15
T00310,2026-01-18,C0090,Budget,South,Bengaluru,P004,Keyboard,Electronics,1,2399.4,10.0,UPI,Mobile App,3.9,4,2399.4,239.94,2159.46,2200,-40.54
T00311,2026-03-20,C0072,Budget,East,Kolkata,P006,Study Table,Furniture,1,6799.6,10.0,Net Banking,Mobile App,4.3,5,6799.6,679.96,6119.64,6200,-80.36
T00312,2026-06-24,C0076,Regular,North,Delhi,P002,Smartphone,Electronics,1,31700.97,0.0,Credit Card,Mobile App,4.2,5,31700.97,0.0,31700.97,28000,3700.97
T00313,2026-03-05,C0027,Budget,East,Patna,P004,Keyboard,Electronics,2,2471.85,10.0,Cash,Website,3.5,1,4943.7,494.37,4449.33,4400,49.33
T00314,2026-05-21,C0062,Budget,South,Chennai,P001,Laptop,Electronics,1,61662.42,15.0,Net Banking,Marketplace,3.8,5,61662.42,9249.36,52413.06,52000,413.06
T00315,2026-02-19,C0082,Premium,North,Lucknow,P007,Backpack,Fashion,4,2328.19,0.0,Debit Card,Website,3.2,6,9312.76,0.0,9312.76,7200,2112.76
T00316,2026-06-08,C0128,Budget,,Jaipur,P005,Office Chair,Furniture,2,8670.99,5.0,Cash,Marketplace,3.8,1,17341.98,867.1,16474.88,15600,874.88
T00317,2026-09-02,C0107,Regular,East,Bhubaneswar,P004,Keyboard,Electronics,2,2711.15,20.0,Debit Card,Mobile App,3.4,3,5422.3,1084.46,4337.84,4400,-62.16
T00318,2026-06-20,C0075,Budget,West,Pune,P007,Backpack,Fashion,2,1973.65,5.0,Net Banking,Website,4.4,4,3947.3,197.36,3749.94,3600,149.94
T00319,2026-07-04,C0107,Premium,South,Bengaluru,P007,Backpack,Fashion,1,2260.11,5.0,Credit Card,Website,3.0,7,2260.11,113.01,2147.1,1800,347.1
T00320,2026-03-01,C0066,Regular,North,Jaipur,P001,Laptop,Electronics,1,59790.63,0.0,Net Banking,Mobile App,5.0,4,59790.63,0.0,59790.63,52000,7790.63
T00321,2026-04-20,C0078,Budget,West,Pune,P001,Laptop,Electronics,5,64259.41,10.0,Credit Card,Marketplace,3.3,3,321297.05,32129.7,289167.35,260000,29167.35
T00322,2026-06-13,C0148,Budget,East,Bhubaneswar,P006,Study Table,Furniture,3,8203.04,15.0,Debit Card,Website,3.8,4,24609.12,3691.37,20917.75,18600,2317.75
T00323,2026-03-28,C0142,Premium,West,Mumbai,P007,Backpack,Fashion,3,1951.89,15.0,Net Banking,Marketplace,3.9,1,5855.67,878.35,4977.32,5400,-422.68
T00324,2026-09-02,C0031,Regular,South,Hyderabad,P004,Keyboard,Electronics,3,2839.21,,Net Banking,Website,4.0,3,8517.63,0.0,8517.63,6600,1917.63
T00325,2026-04-05,C0022,Regular,West,Ahmedabad,P009,Coffee Maker,Home Appliances,5,5900.83,15.0,Cash,Website,3.8,4,29504.15,4425.62,25078.53,24000,1078.53
T00326,2026-02-23,C0016,Budget,South,Hyderabad,P002,Smartphone,Electronics,4,37624.57,10.0,,Marketplace,3.2,2,150498.28,15049.83,135448.45,112000,23448.45
T00327,2026-07-07,C0108,Regular,South,Bengaluru,P009,Coffee Maker,Home Appliances,3,6084.27,5.0,Cash,Website,3.8,7,18252.81,912.64,17340.17,14400,2940.17
T00328,2026-02-21,C0111,Regular,West,Ahmedabad,P007,Backpack,Fashion,1,1956.49,5.0,Debit Card,Website,4.0,2,1956.49,97.82,1858.67,1800,58.67
T00329,2026-09-24,C0042,Budget,East,Kolkata,P002,Smartphone,Electronics,1,31037.45,10.0,Credit Card,Mobile App,3.3,6,31037.45,3103.74,27933.71,28000,-66.29
T00330,2026-09-20,C0011,Budget,South,Chennai,P002,Smartphone,Electronics,6,34358.48,0.0,Net Banking,Website,4.3,8,206150.88,0.0,206150.88,168000,38150.88
T00331,2026-04-28,C0054,Regular,South,Bengaluru,P006,Study Table,Furniture,3,8242.96,25.0,debit card,Website,3.8,7,24728.88,6182.22,18546.66,18600,-53.34
T00332,2026-01-26,C0054,Regular,South,Chennai,P006,Study Table,Furniture,4,7228.3,,UPI,Mobile App,4.3,2,28913.2,2891.32,26021.88,24800,1221.88
T00333,2026-04-16,C0047,Regular,West,Pune,P004,Keyboard,Electronics,2,2444.4,20.0,Net Banking,Website,2.5,2,4888.8,977.76,3911.04,4400,-488.96
T00334,2026-08-18,C0052,Regular,East,Kolkata,P010,Air Fryer,Home Appliances,1,8704.1,10.0,Net Banking,Website,4.3,3,8704.1,870.41,7833.69,7200,633.69
T00335,2026-01-08,C0036,Regular,North,Jaipur,P003,Headphones,Electronics,1,3770.19,0.0,Debit Card,Mobile App,3.3,5,3770.19,0.0,3770.19,3200,570.19
T00336,2026-01-17,C0039,Budget,North,Delhi,P002,Smartphone,Electronics,1,33511.75,10.0,Credit Card,Mobile App,3.1,4,33511.75,3351.18,30160.57,28000,2160.57
T00337,2026-09-10,C0001,Regular,South,Chennai,P007,Backpack,Fashion,4,2324.77,5.0,Credit Card,Marketplace,4.4,2,9299.08,464.95,8834.13,7200,1634.13
T00338,2026-02-02,C0012,Budget,North,Jaipur,P005,Office Chair,Furniture,2,10520.81,0.0,Debit Card,Website,4.2,1,21041.62,0.0,21041.62,15600,5441.62
T00339,2026-06-20,C0108,Premium,South,Chennai,P007,Backpack,Fashion,2,1970.52,10.0,Credit Card,Mobile App,,2,3941.04,394.1,3546.94,3600,-53.06
T00340,2026-03-26,C0055,Regular,South,Chennai,P003,Headphones,Electronics,5,3858.72,10.0,upi,Mobile App,4.0,3,19293.6,1929.36,17364.24,16000,1364.24
T00341,2026-09-08,C0039,Regular,North,Jaipur,P001,Laptop,Electronics,3,66882.24,10.0,Cash,Website,4.3,3,200646.72,20064.67,180582.05,156000,24582.05
T00342,2026-01-08,C0122,Premium,South,Hyderabad,P001,Laptop,Electronics,2,63344.37,10.0,Net Banking,Website,4.0,3,126688.74,12668.87,114019.87,104000,10019.87
T00343,2026-01-15,C0071,Premium,South,Hyderabad,P009,Coffee Maker,Home Appliances,2,6427.89,0.0,UPI,Marketplace,2.3,7,12855.78,0.0,12855.78,9600,3255.78
T00344,2026-07-07,C0112,Regular,South,Chennai,P005,Office Chair,Furniture,2,10397.17,25.0,Net Banking,Website,4.6,1,20794.34,5198.58,15595.76,15600,-4.24
T00345,2026-08-20,C0068,Premium,North,Lucknow,P007,Backpack,Fashion,3,2143.64,10.0,Credit Card,Website,4.0,5,6430.92,643.09,5787.83,5400,387.83
T00346,2026-03-07,C0045,Regular,West,Ahmedabad,P004,Keyboard,Electronics,1,2433.6,5.0,Net Banking,Website,3.4,1,2433.6,121.68,2311.92,2200,111.92
T00347,2026-08-04,C0051,Regular,West,Ahmedabad,P003,Headphones,Electronics,3,4286.84,15.0,Debit Card,Website,3.6,7,12860.52,1929.08,10931.44,9600,1331.44
T00348,2026-04-09,C0098,Regular,East,Patna,P006,Study Table,Furniture,1,6999.37,25.0,Cash,Mobile App,3.6,4,6999.37,1749.84,5249.53,6200,-950.47
T00349,2026-03-26,C0026,Budget,East,Patna,P004,Keyboard,Electronics,1,2470.29,20.0,UPI,Mobile App,3.1,2,2470.29,494.06,1976.23,2200,-223.77
T00350,2026-08-13,C0149,Regular,East,Patna,P004,Keyboard,Electronics,2,2728.71,10.0,Debit Card,Mobile App,4.4,2,5457.42,545.74,4911.68,4400,511.68
T00351,2026-09-02,C0109,Regular,North,Jaipur,P005,Office Chair,Furniture,1,9896.81,5.0,Cash,Mobile App,3.8,9,9896.81,494.84,9401.97,7800,1601.97
T00352,2026-02-27,C0041,Regular,North,Delhi,P010,Air Fryer,Home Appliances,1,9125.17,5.0,UPI,Website,3.8,3,9125.17,456.26,8668.91,7200,1468.91
T00353,2026-08-29,C0116,Regular,North,Lucknow,P002,Smartphone,Electronics,2,30931.15,10.0,Cash,Website,3.1,6,61862.3,6186.23,55676.07,56000,-323.93
T00354,2026-07-30,C0025,Regular,South,Chennai,P006,Study Table,Furniture,5,7695.29,15.0,Debit Card,Website,3.4,3,38476.45,5771.47,32704.98,31000,1704.98
T00355,2026-03-11,C0096,Budget,North,Lucknow,P004,Keyboard,Electronics,2,2728.87,10.0,Debit Card,Website,4.0,1,5457.74,545.77,4911.97,4400,511.97
T00356,2026-05-17,C0132,Regular,North,Delhi,P009,Coffee Maker,Home Appliances,1,6025.59,15.0,Debit Card,Mobile App,4.6,7,6025.59,903.84,5121.75,4800,321.75
T00357,2026-04-05,C0105,Budget,West,Ahmedabad,P007,Backpack,Fashion,5,2428.52,15.0,UPI,Website,2.8,2,12142.6,1821.39,10321.21,9000,1321.21
T00358,2026-05-31,C0089,Premium,West,Mumbai,P008,Running Shoes,Fashion,2,4168.1,5.0,Net Banking,Website,4.2,2,8336.2,416.81,7919.39,7000,919.39
T00359,2026-03-16,C0118,Regular,East,Patna,P007,Backpack,Fashion,25,2122.34,0.0,Cash,Website,3.0,3,6367.02,0.0,6367.02,5400,967.02
T00360,2026-04-10,C0007,Premium,North,Delhi,P004,Keyboard,Electronics,3,2908.82,15.0,UPI,Website,3.4,4,8726.46,1308.97,7417.49,6600,817.49
T00361,2026-02-03,C0036,Premium,South,Hyderabad,P009,Coffee Maker,Home Appliances,2,6296.87,20.0,Credit Card,Marketplace,3.3,6,12593.74,2518.75,10074.99,9600,474.99
T00362,2026-06-15,C0078,Regular,South,Hyderabad,P005,Office Chair,Furniture,1,9081.21,15.0,Cash,Mobile App,3.7,5,9081.21,1362.18,7719.03,7800,-80.97
T00363,2026-07-15,C0035,Budget,West,Ahmedabad,P002,Smartphone,Electronics,3,35849.35,15.0,Cash,Website,3.9,8,107548.05,16132.21,91415.84,84000,7415.84
T00364,2026-06-14,C0127,Regular,West,Ahmedabad,P002,Smartphone,Electronics,4,34389.76,5.0,Cash,Marketplace,3.5,1,137559.04,6877.95,130681.09,112000,18681.09
T00365,2026-02-19,C0079,Premium,East,Kolkata,P004,Keyboard,Electronics,4,2806.87,0.0,Debit Card,Mobile App,3.1,6,11227.48,0.0,11227.48,8800,2427.48
T00366,2026-09-13,C0116,Regular,South,Hyderabad,P009,Coffee Maker,Home Appliances,1,6450.96,10.0,UPI,Website,4.1,1,6450.96,645.1,5805.86,4800,1005.86
T00367,2026-02-07,C0014,Budget,North,Jaipur,P005,Office Chair,Furniture,4,9488.63,10.0,Credit Card,Website,4.6,7,37954.52,3795.45,34159.07,31200,2959.07
T00368,2026-05-08,C0113,Premium,South,Bengaluru,P004,Keyboard,Electronics,4,2907.66,20.0,Credit Card,Website,4.1,5,11630.64,2326.13,9304.51,8800,504.51
T00369,2026-04-15,C0066,Premium,West,Mumbai,P010,Air Fryer,Home Appliances,2,9565.82,5.0,Net Banking,Mobile App,4.5,3,19131.64,956.58,18175.06,14400,3775.06
T00370,2026-08-04,C0132,Regular,West,Ahmedabad,P001,Laptop,Electronics,3,69200.46,10.0,Credit Card,Website,4.6,6,207601.38,20760.14,186841.24,156000,30841.24
T00371,2026-02-25,C0113,Regular,North,Lucknow,P001,Laptop,Electronics,6,59427.51,0.0,Credit Card,Mobile App,4.6,6,356565.06,0.0,356565.06,312000,44565.06
T00372,2026-07-15,C0067,Budget,West,Mumbai,P009,Coffee Maker,Home Appliances,4,5196.84,15.0,Credit Card,Marketplace,3.5,6,20787.36,3118.1,17669.26,19200,-1530.74
T00373,2026-01-09,C0076,Budget,South,Chennai,P004,Keyboard,Electronics,4,2534.64,10.0,Debit Card,Website,4.1,2,10138.56,1013.86,9124.7,8800,324.7
T00374,2026-01-22,C0126,Regular,North,Jaipur,P006,Study Table,Furniture,1,7394.72,10.0,UPI,Mobile App,3.7,6,7394.72,739.47,6655.25,6200,455.25
T00375,2026-02-25,C0119,Premium,East,Bhubaneswar,P003,Headphones,Electronics,2,3597.94,15.0,Net Banking,Website,3.9,1,7195.88,1079.38,6116.5,6400,-283.5
T00376,2026-03-15,C0017,Budget,East,Patna,P009,Coffee Maker,Home Appliances,1,5847.27,15.0,Net Banking,Mobile App,4.7,4,5847.27,877.09,4970.18,4800,170.18
T00377,2026-05-05,C0081,Regular,West,Pune,P006,Study Table,Furniture,1,7853.15,5.0,UPI,Mobile App,4.1,2,7853.15,392.66,7460.49,6200,1260.49
T00378,2026-02-13,C0027,Regular,North,Jaipur,P003,Headphones,Electronics,1,4277.51,5.0,Net Banking,Website,4.4,4,4277.51,213.88,4063.63,3200,863.63
T00379,2026-06-03,C0035,Regular,North,Lucknow,P009,Coffee Maker,Home Appliances,2,5987.83,10.0,Cash,Website,4.2,6,11975.66,1197.57,10778.09,9600,1178.09
T00380,2026-01-10,C0071,Budget,West,Ahmedabad,P009,Coffee Maker,Home Appliances,2,6054.14,,Net Banking,Mobile App,3.7,1,12108.28,2421.66,9686.62,9600,86.62
T00381,2026-01-15,C0062,Budget,West,Ahmedabad,P003,Headphones,Electronics,3,3975.22,15.0,UPI,Website,2.6,1,11925.66,1788.85,10136.81,9600,536.81
T00382,2026-07-22,C0074,Regular,South,Chennai,P009,Coffee Maker,Home Appliances,2,6070.3,0.0,Debit Card,Website,4.1,1,12140.6,0.0,12140.6,9600,2540.6
T00383,2026-05-17,C0068,Budget,North,Delhi,P002,Smartphone,Electronics,5,30285.72,10.0,Cash,Mobile App,5.0,5,151428.6,15142.86,136285.74,140000,-3714.26
T00384,2026-07-31,C0101,Regular,South,Chennai,P009,Coffee Maker,Home Appliances,2,5876.79,5.0,UPI,Website,3.5,6,11753.58,587.68,11165.9,9600,1565.9
T00385,2026-09-04,C0019,Premium,West,Ahmedabad,P009,Coffee Maker,Home Appliances,1,5517.15,10.0,Credit Card,Mobile App,4.2,4,5517.15,551.72,4965.43,4800,165.43
T00386,2026-03-17,C0063,Regular,South,Bengaluru,P002,Smartphone,Electronics,5,34424.9,5.0,UPI,Marketplace,4.8,3,172124.5,8606.22,163518.28,140000,23518.28
T00387,2026-05-09,C0049,Premium,West,Ahmedabad,P004,Keyboard,Electronics,2,2400.39,15.0,Credit Card,Mobile App,5.0,3,4800.78,720.12,4080.66,4400,-319.34
T00388,2026-01-26,C0121,Regular,,Hyderabad,P008,Running Shoes,Fashion,2,3972.84,5.0,Debit Card,Marketplace,3.4,1,7945.68,397.28,7548.4,7000,548.4
T00389,2026-03-07,C0087,Regular,West,Mumbai,P008,Running Shoes,Fashion,1,4202.16,0.0,UPI,Marketplace,3.2,4,4202.16,0.0,4202.16,3500,702.16
T00390,2026-06-11,C0044,Regular,East,Patna,P005,Office Chair,Furniture,3,10225.79,10.0,Cash,Marketplace,3.8,2,30677.37,3067.74,27609.63,23400,4209.63
T00391,2026-03-25,C0053,Premium,West,Pune,P003,Headphones,Electronics,1,3935.95,10.0,Debit Card,Mobile App,4.5,3,3935.95,393.6,3542.35,3200,342.35
T00392,2026-05-29,C0121,Regular,East,Kolkata,P006,Study Table,Furniture,3,7024.92,5.0,debit card,Mobile App,4.4,4,21074.76,1053.74,20021.02,18600,1421.02
T00393,2026-05-25,C0115,Regular,East,Bhubaneswar,P006,Study Table,Furniture,1,6784.43,15.0,Net Banking,Website,4.7,6,6784.43,1017.66,5766.77,6200,-433.23
T00394,2026-05-05,C0051,Regular,West,Pune,P008,Running Shoes,Fashion,5,4500.29,10.0,UPI,Mobile App,5.0,2,22501.45,2250.14,20251.31,17500,2751.31
T00395,2026-09-10,C0014,Budget,South,Bengaluru,P008,Running Shoes,Fashion,4,4023.32,15.0,Credit Card,Website,2.7,6,16093.28,2413.99,13679.29,14000,-320.71
T00396,2026-02-13,C0086,Regular,West,Ahmedabad,P005,Office Chair,Furniture,2,9976.4,0.0,Credit Card,Website,3.6,4,19952.8,0.0,19952.8,15600,4352.8
T00397,2026-01-18,C0057,Regular,South,Bengaluru,P005,Office Chair,Furniture,3,8922.3,10.0,Net Banking,Website,4.0,1,26766.9,2676.69,24090.21,23400,690.21
T00398,2026-03-05,C0033,Budget,West,Pune,P006,Study Table,Furniture,1,6757.04,0.0,Credit Card,Website,5.0,1,6757.04,0.0,6757.04,6200,557.04
T00399,2026-06-21,C0053,Premium,West,Mumbai,P006,Study Table,Furniture,2,7224.2,0.0,Net Banking,Marketplace,4.1,6,14448.4,0.0,14448.4,12400,2048.4
T00400,2026-09-08,C0054,Premium,South,Bengaluru,P008,Running Shoes,Fashion,1,4376.08,10.0,Net Banking,Marketplace,4.0,3,4376.08,437.61,3938.47,3500,438.47
T00401,2026-04-14,C0123,Premium,West,Mumbai,P002,Smartphone,Electronics,1,32639.46,5.0,Net Banking,Marketplace,4.1,7,32639.46,1631.97,31007.49,28000,3007.49
T00402,2026-05-31,C0073,Regular,West,Pune,P001,Laptop,Electronics,2,68107.36,5.0,Cash,Mobile App,,2,136214.72,6810.74,129403.98,104000,25403.98
T00403,2026-09-12,C0143,Premium,South,Chennai,P003,Headphones,Electronics,1,4241.23,15.0,Cash,Website,4.4,2,4241.23,636.18,3605.05,3200,405.05
T00404,2026-05-31,C0123,Regular,West,Ahmedabad,P003,Headphones,Electronics,2,3583.84,25.0,Cash,Marketplace,4.3,5,7167.68,1791.92,5375.76,6400,-1024.24
T00405,2026-09-01,C0028,Budget,South,Chennai,P009,Coffee Maker,Home Appliances,5,5296.37,10.0,Cash,Marketplace,3.8,1,26481.85,2648.18,23833.67,24000,-166.33
T00406,2026-02-25,C0105,Budget,South,Chennai,P004,Keyboard,Electronics,5,2539.69,5.0,Debit Card,Website,4.4,6,12698.45,634.92,12063.53,11000,1063.53
T00407,2026-08-03,C0098,Budget,North,Lucknow,P003,Headphones,Electronics,1,4280.73,20.0,Debit Card,Mobile App,4.3,5,4280.73,856.15,3424.58,3200,224.58
T00408,2026-07-26,C0028,Regular,South,Bengaluru,P003,Headphones,Electronics,3,3796.2,10.0,Net Banking,Website,3.4,1,11388.6,1138.86,10249.74,9600,649.74
T00409,2026-03-31,C0049,Regular,East,Kolkata,P004,Keyboard,Electronics,1,2722.48,20.0,Net Banking,Mobile App,,1,2722.48,544.5,2177.98,2200,-22.02
T00410,2026-04-08,C0124,Regular,North,Lucknow,P008,Running Shoes,Fashion,2,4489.06,5.0,,Mobile App,3.9,6,8978.12,448.91,8529.21,7000,1529.21
T00411,2026-05-04,C0049,Premium,South,Chennai,P010,Air Fryer,Home Appliances,3,7937.79,20.0,Cash,Mobile App,3.8,5,23813.37,4762.67,19050.7,21600,-2549.3
T00412,2026-05-25,C0037,Budget,West,Mumbai,P001,Laptop,Electronics,4,60531.8,10.0,Cash,Website,3.7,3,242127.2,24212.72,217914.48,208000,9914.48
T00413,2026-07-13,C0069,Premium,West,Mumbai,P002,Smartphone,Electronics,1,30809.28,10.0,Credit Card,Website,4.0,3,30809.28,3080.93,27728.35,28000,-271.65
T00414,2026-08-19,C0078,Premium,South,Hyderabad,P010,Air Fryer,Home Appliances,1,7963.97,15.0,Cash,Website,3.8,1,7963.97,1194.6,6769.37,7200,-430.63
T00415,2026-04-07,C0043,Regular,West,Ahmedabad,P001,Laptop,Electronics,4,56307.61,15.0,Credit Card,Website,4.6,4,225230.44,33784.57,191445.87,208000,-16554.13
T00416,2026-07-01,C0025,Budget,West,Ahmedabad,P007,Backpack,Fashion,5,2411.56,10.0,Cash,Mobile App,3.4,2,12057.8,1205.78,10852.02,9000,1852.02
T00417,2026-06-02,C0127,Regular,,Bengaluru,P006,Study Table,Furniture,4,7352.66,10.0,Credit card,Website,3.6,3,29410.64,2941.06,26469.58,24800,1669.58
T00418,2026-07-20,C0081,Regular,South,Hyderabad,P008,Running Shoes,Fashion,2,4024.48,5.0,Debit Card,Marketplace,4.0,5,8048.96,402.45,7646.51,7000,646.51
T00419,2026-09-03,C0081,Budget,North,Lucknow,P006,Study Table,Furniture,3,7949.32,5.0,Cash,Website,3.7,3,23847.96,1192.4,22655.56,18600,4055.56
T00420,2026-04-09,C0023,Regular,South,Chennai,P010,Air Fryer,Home Appliances,3,8497.17,15.0,Net Banking,Website,4.0,4,25491.51,3823.73,21667.78,21600,67.78
T00421,2026-05-09,C0010,Regular,South,Hyderabad,P004,Keyboard,Electronics,4,2517.54,5.0,Debit Card,Website,4.0,1,10070.16,503.51,9566.65,8800,766.65
T00422,2026-03-13,C0054,Budget,West,Ahmedabad,P008,Running Shoes,Fashion,3,4604.53,5.0,Credit Card,Website,3.9,2,13813.59,690.68,13122.91,10500,2622.91
T00423,2026-08-08,C0004,Budget,South,Hyderabad,P008,Running Shoes,Fashion,1,4346.62,10.0,UPI,Marketplace,3.8,3,4346.62,434.66,3911.96,3500,411.96
T00424,2026-07-04,C0095,Regular,South,Bengaluru,P001,Laptop,Electronics,1,61583.48,5.0,Cash,Mobile App,5.0,4,61583.48,3079.17,58504.31,52000,6504.31
T00425,2026-04-29,C0045,Regular,South,Chennai,P008,Running Shoes,Fashion,2,3782.56,15.0,Credit Card,Marketplace,3.0,4,7565.12,1134.77,6430.35,7000,-569.65
T00426,2026-09-26,C0120,Budget,North,Jaipur,P002,Smartphone,Electronics,1,33895.64,5.0,Credit Card,Website,3.5,3,33895.64,1694.78,32200.86,28000,4200.86
T00427,2026-06-01,C0003,Regular,South,Chennai,P001,Laptop,Electronics,2,58116.05,20.0,Cash,Website,3.3,2,116232.1,23246.42,92985.68,104000,-11014.32
T00428,2026-08-20,C0099,Regular,South,Bengaluru,P009,Coffee Maker,Home Appliances,4,5650.14,15.0,Credit Card,Website,2.9,2,22600.56,3390.08,19210.48,19200,10.48
T00429,2026-08-04,C0069,Regular,East,Bhubaneswar,P005,Office Chair,Furniture,1,10239.82,15.0,Cash,Website,4.7,7,10239.82,1535.97,8703.85,7800,903.85
T00430,2026-01-05,C0011,Regular,West,Mumbai,P004,Keyboard,Electronics,2,2714.16,0.0,Cash,Mobile App,4.2,9,5428.32,0.0,5428.32,4400,1028.32
T00431,2026-01-20,C0140,Premium,North,Lucknow,P005,Office Chair,Furniture,1,10381.84,0.0,UPI,Mobile App,3.7,2,10381.84,0.0,10381.84,7800,2581.84
T00432,2026-03-13,C0049,Regular,East,Bhubaneswar,P009,Coffee Maker,Home Appliances,4,5331.7,10.0,Credit Card,Mobile App,4.1,3,21326.8,2132.68,19194.12,19200,-5.88
T00433,2026-03-23,C0087,Premium,North,Jaipur,P005,Office Chair,Furniture,1,8982.33,10.0,Debit Card,Mobile App,5.0,5,8982.33,898.23,8084.1,7800,284.1
T00434,2026-05-08,C0007,Premium,South,Bengaluru,P007,Backpack,Fashion,4,2346.5,10.0,Cash,Website,4.8,3,9386.0,938.6,8447.4,7200,1247.4
T00435,2026-06-28,C0039,Budget,West,Pune,P005,Office Chair,Furniture,2,10387.53,20.0,Debit Card,Mobile App,5.0,6,20775.06,4155.01,16620.05,15600,1020.05
T00436,2026-04-01,C0111,Regular,West,Ahmedabad,P008,Running Shoes,Fashion,4,4700.85,25.0,UPI,Mobile App,2.9,5,18803.4,4700.85,14102.55,14000,102.55
T00437,2026-03-10,C0009,Regular,West,Ahmedabad,P005,Office Chair,Furniture,1,9186.99,15.0,Net Banking,Mobile App,4.4,4,9186.99,1378.05,7808.94,7800,8.94
T00438,2026-08-18,C0026,Regular,South,Bengaluru,P010,Air Fryer,Home Appliances,3,9364.03,15.0,Debit Card,Website,4.0,5,28092.09,4213.81,23878.28,21600,2278.28
T00439,2026-09-21,C0097,Regular,West,Ahmedabad,P009,Coffee Maker,Home Appliances,1,5730.01,15.0,Cash,Website,3.8,4,5730.01,859.5,4870.51,4800,70.51
T00440,2026-04-04,C0138,Regular,East,Bhubaneswar,P007,Backpack,Fashion,3,2200.15,10.0,Net Banking,Website,4.7,5,6600.45,660.04,5940.41,5400,540.41
T00441,2026-04-01,C0090,Regular,North,Jaipur,P002,Smartphone,Electronics,6,34332.7,5.0,UPI,Mobile App,5.0,5,205996.2,10299.81,195696.39,168000,27696.39
T00442,2026-03-14,C0117,Regular,East,Patna,P007,Backpack,Fashion,1,2281.22,5.0,Credit Card,Mobile App,3.2,2,2281.22,114.06,2167.16,1800,367.16
T00443,2026-07-23,C0150,Regular,East,Bhubaneswar,P007,Backpack,Fashion,4,2285.79,15.0,Net Banking,Mobile App,4.1,4,9143.16,1371.47,7771.69,7200,571.69
T00444,2026-01-24,C0035,Budget,North,Jaipur,P002,Smartphone,Electronics,4,36095.76,5.0,Net Banking,Marketplace,4.3,2,144383.04,7219.15,137163.89,112000,25163.89
T00445,2026-03-16,C0103,Budget,North,Lucknow,P007,Backpack,Fashion,3,2310.85,5.0,,Mobile App,4.2,4,6932.55,346.63,6585.92,5400,1185.92
T00446,2026-05-12,C0020,Regular,South,Chennai,P002,Smartphone,Electronics,5,31794.5,10.0,Net Banking,Website,2.3,8,158972.5,15897.25,143075.25,140000,3075.25
T00447,2026-03-06,C0069,Premium,North,Jaipur,P002,Smartphone,Electronics,1,31031.23,10.0,Debit Card,Mobile App,4.1,6,31031.23,3103.12,27928.11,28000,-71.89
T00448,2026-04-10,C0128,Premium,North,Delhi,P002,Smartphone,Electronics,1,33006.2,5.0,Cash,Website,4.6,4,33006.2,1650.31,31355.89,28000,3355.89
T00449,2026-02-28,C0097,Budget,East,Kolkata,P004,Keyboard,Electronics,2,2484.95,0.0,,Website,3.9,4,4969.9,0.0,4969.9,4400,569.9
T00450,2026-01-12,C0099,Regular,West,Mumbai,P009,Coffee Maker,Home Appliances,2,5818.05,5.0,Credit Card,Marketplace,4.2,5,11636.1,581.8,11054.3,9600,1454.3
T00451,2026-05-23,C0134,Regular,South,Chennai,P003,Headphones,Electronics,5,4003.07,15.0,Cash,Mobile App,3.7,1,20015.35,3002.3,17013.05,16000,1013.05
T00452,2026-04-12,C0106,Budget,North,Lucknow,P003,Headphones,Electronics,3,3806.09,10.0,Net Banking,Marketplace,4.6,2,11418.27,1141.83,10276.44,9600,676.44
T00453,2026-02-14,C0137,Premium,West,Mumbai,P002,Smartphone,Electronics,4,35004.12,25.0,UPI,Website,3.8,3,140016.48,35004.12,105012.36,112000,-6987.64
T00454,2026-03-09,C0025,Regular,West,Mumbai,P003,Headphones,Electronics,1,3801.11,10.0,Net Banking,Website,4.3,2,3801.11,380.11,3421.0,3200,221.0
T00455,2026-09-13,C0056,Premium,East,Patna,P010,Air Fryer,Home Appliances,2,9414.69,10.0,UPI,Mobile App,3.3,4,18829.38,1882.94,16946.44,14400,2546.44
T00456,2026-07-07,C0049,Budget,East,Patna,P010,Air Fryer,Home Appliances,2,9362.41,10.0,UPI,Mobile App,4.2,4,18724.82,1872.48,16852.34,14400,2452.34
T00457,2026-01-30,C0008,Budget,North,Jaipur,P007,Backpack,Fashion,1,,5.0,UPI,Website,4.6,6,2162.54,108.13,2054.41,1800,254.41
T00458,2026-06-19,C0033,Regular,,Hyderabad,P001,Laptop,Electronics,1,64395.89,10.0,Debit Card,Website,4.0,4,64395.89,6439.59,57956.3,52000,5956.3
T00459,2026-09-26,C0107,Regular,North,Delhi,P005,Office Chair,Furniture,1,9641.73,10.0,Credit card,Mobile App,4.0,8,9641.73,964.17,8677.56,7800,877.56
T00460,2026-08-04,C0146,Regular,South,Bengaluru,P006,Study Table,Furniture,5,8036.57,10.0,Net Banking,Website,2.9,4,40182.85,4018.28,36164.57,31000,5164.57
T00461,2026-02-20,C0104,Premium,West,Pune,P005,Office Chair,Furniture,2,10392.88,,Cash,Mobile App,3.6,2,20785.76,2078.58,18707.18,15600,3107.18
T00462,2026-05-11,C0120,Budget,North,Jaipur,P009,Coffee Maker,Home Appliances,5,6392.65,0.0,upi,Mobile App,2.8,3,31963.25,0.0,31963.25,24000,7963.25
T00463,2026-03-04,C0029,Budget,West,Ahmedabad,P003,Headphones,Electronics,3,4127.17,15.0,debit card,Mobile App,4.0,3,12381.51,1857.23,10524.28,9600,924.28
T00464,2026-05-23,C0060,Regular,North,Jaipur,P008,Running Shoes,Fashion,3,3980.42,5.0,UPI,Website,3.2,2,11941.26,597.06,11344.2,10500,844.2
T00465,2026-09-13,C0025,Premium,North,Jaipur,P009,Coffee Maker,Home Appliances,2,6454.42,15.0,Cash,Mobile App,3.4,1,12908.84,1936.33,10972.51,9600,1372.51
T00466,2026-02-13,C0100,Premium,West,Mumbai,P002,Smartphone,Electronics,4,31293.13,10.0,UPI,Marketplace,4.3,5,125172.52,12517.25,112655.27,112000,655.27
T00467,2026-08-04,C0094,Regular,North,Jaipur,P010,Air Fryer,Home Appliances,1,9605.06,5.0,Credit card,Marketplace,4.0,3,9605.06,480.25,9124.81,7200,1924.81
T00468,2026-01-20,C0061,Premium,West,Ahmedabad,P006,Study Table,Furniture,2,8291.85,20.0,Credit Card,Website,3.5,5,16583.7,3316.74,13266.96,12400,866.96
T00469,2026-04-04,C0005,Regular,South,Hyderabad,P007,Backpack,Fashion,1,2367.98,10.0,Cash,Website,4.2,2,2367.98,236.8,2131.18,1800,331.18
T00470,2026-01-16,C0116,Regular,West,Mumbai,P005,Office Chair,Furniture,3,8702.98,10.0,Cash,Website,3.9,4,26108.94,2610.89,23498.05,23400,98.05
T00471,2026-01-15,C0036,Premium,South,Chennai,P001,Laptop,Electronics,3,69650.05,20.0,upi,Website,4.4,5,208950.15,41790.03,167160.12,156000,11160.12
T00472,2026-01-29,C0014,Regular,North,Lucknow,P004,Keyboard,Electronics,1,2547.75,10.0,UPI,Marketplace,4.0,5,2547.75,254.78,2292.97,2200,92.97
T00473,2026-05-31,C0033,Budget,West,Pune,P006,Study Table,Furniture,3,8029.95,5.0,Credit Card,Mobile App,4.1,5,24089.85,1204.49,22885.36,18600,4285.36
T00474,2026-07-21,C0088,Budget,West,Pune,P008,Running Shoes,Fashion,2,4095.67,0.0,Debit Card,Mobile App,3.9,1,8191.34,0.0,8191.34,7000,1191.34
T00475,2026-08-29,C0021,Budget,North,Lucknow,P003,Headphones,Electronics,2,3932.68,5.0,Net Banking,Website,4.0,1,7865.36,393.27,7472.09,6400,1072.09
T00476,2026-04-13,C0055,Regular,South,Bengaluru,P002,Smartphone,Electronics,3,30399.89,10.0,Cash,Mobile App,4.2,4,91199.67,9119.97,82079.7,84000,-1920.3
T00477,2026-08-20,C0024,Budget,South,Chennai,P004,Keyboard,Electronics,1,2543.39,5.0,Debit Card,Website,4.1,6,2543.39,127.17,2416.22,2200,216.22
T00478,2026-03-27,C0053,Premium,South,Chennai,P005,Office Chair,Furniture,2,8504.13,15.0,Debit Card,Marketplace,4.4,5,17008.26,2551.24,14457.02,15600,-1142.98
T00479,2026-01-29,C0114,Premium,South,Hyderabad,P002,Smartphone,Electronics,3,35282.26,5.0,Net Banking,Website,3.9,2,105846.78,5292.34,100554.44,84000,16554.44
T00480,2026-05-16,C0139,Budget,West,Ahmedabad,P009,Coffee Maker,Home Appliances,2,5794.83,25.0,Credit Card,Website,4.3,2,11589.66,2897.42,8692.24,9600,-907.76
T00481,2026-06-20,C0015,Premium,North,Lucknow,P001,Laptop,Electronics,1,,15.0,Cash,Website,3.3,2,56615.89,8492.38,48123.51,52000,-3876.49
T00482,2026-05-26,C0097,Regular,South,Chennai,P005,Office Chair,Furniture,1,9617.09,10.0,UPI,Website,4.0,7,9617.09,961.71,8655.38,7800,855.38
T00483,2026-05-15,C0142,Premium,South,Hyderabad,P009,Coffee Maker,Home Appliances,2,5613.83,15.0,UPI,Website,3.5,4,11227.66,1684.15,9543.51,9600,-56.49
T00484,2026-08-02,C0024,Regular,South,Bengaluru,P002,Smartphone,Electronics,1,37798.86,0.0,Net Banking,Website,4.1,5,37798.86,0.0,37798.86,28000,9798.86
T00485,2026-07-29,C0024,Regular,North,Delhi,P010,Air Fryer,Home Appliances,3,7951.77,20.0,Cash,Mobile App,3.8,3,23855.31,4771.06,19084.25,21600,-2515.75
T00486,2026-04-02,C0103,Premium,South,Hyderabad,P004,Keyboard,Electronics,1,2850.28,15.0,Cash,Website,4.9,1,2850.28,427.54,2422.74,2200,222.74
T00487,2026-09-20,C0110,Regular,West,Ahmedabad,P005,Office Chair,Furniture,2,10471.2,5.0,Debit Card,Mobile App,4.4,7,20942.4,1047.12,19895.28,15600,4295.28
T00488,2026-01-27,C0104,Premium,North,Jaipur,P001,Laptop,Electronics,1,63978.02,,Net Banking,Mobile App,5.0,6,63978.02,12795.6,51182.42,52000,-817.58
T00489,2026-09-15,C0054,Budget,West,Mumbai,P009,Coffee Maker,Home Appliances,2,5857.51,5.0,Debit Card,Website,3.1,7,11715.02,585.75,11129.27,9600,1529.27
T00490,2026-09-03,C0097,Budget,West,Pune,P005,Office Chair,Furniture,4,10449.16,15.0,Net Banking,Mobile App,4.0,7,41796.64,6269.5,35527.14,31200,4327.14
T00491,2026-04-08,C0137,Premium,North,Delhi,P005,Office Chair,Furniture,1,8639.86,10.0,Debit Card,Marketplace,3.3,6,8639.86,863.99,7775.87,7800,-24.13
T00492,2026-08-23,C0049,Premium,East,Bhubaneswar,P008,Running Shoes,Fashion,2,4519.86,10.0,Cash,Website,4.3,1,9039.72,903.97,8135.75,7000,1135.75
T00493,2026-04-23,C0149,Regular,West,Mumbai,P009,Coffee Maker,Home Appliances,2,6128.04,5.0,Cash,Website,4.1,9,12256.08,612.8,11643.28,9600,2043.28
T00494,2026-01-12,C0138,Premium,South,Bengaluru,P004,Keyboard,Electronics,2,2773.19,5.0,UPI,Marketplace,3.1,3,5546.38,277.32,5269.06,4400,869.06
T00495,2026-09-25,C0035,Regular,South,Chennai,P008,Running Shoes,Fashion,1,3959.49,10.0,Debit Card,Marketplace,4.1,4,3959.49,395.95,3563.54,3500,63.54
T00496,2026-02-24,C0106,Regular,South,Bengaluru,P003,Headphones,Electronics,6,,0.0,Credit Card,Mobile App,4.4,4,21644.94,0.0,21644.94,19200,2444.94
T00497,2026-05-23,C0033,Budget,East,Kolkata,P005,Office Chair,Furniture,1,9413.41,10.0,Net Banking,Mobile App,4.3,2,9413.41,941.34,8472.07,7800,672.07
T00498,2026-05-21,C0043,Premium,East,Kolkata,P001,Laptop,Electronics,3,67779.65,25.0,Debit Card,Marketplace,4.0,7,203338.95,50834.74,152504.21,156000,-3495.79
T00499,2026-04-01,C0033,Regular,West,Ahmedabad,P003,Headphones,Electronics,2,3532.15,10.0,Credit Card,Mobile App,4.8,4,7064.3,706.43,6357.87,6400,-42.13
T00500,2026-01-16,C0145,Regular,South,Chennai,P005,Office Chair,Furniture,2,10100.98,10.0,Cash,Website,3.5,5,20201.96,2020.2,18181.76,15600,2581.76
T00501,2026-04-13,C0146,Budget,North,Lucknow,P004,Keyboard,Electronics,1,2628.33,10.0,Credit Card,Marketplace,3.7,2,2628.33,262.83,2365.5,2200,165.5
T00502,2026-09-01,C0086,Regular,East,Kolkata,P002,Smartphone,Electronics,5,36037.38,5.0,Credit Card,Marketplace,5.0,4,180186.9,9009.34,171177.56,140000,31177.56
T00503,2026-07-11,C0008,Regular,East,Kolkata,P004,Keyboard,Electronics,6,2895.26,15.0,Debit Card,Website,3.3,8,17371.56,2605.73,14765.83,13200,1565.83
T00504,2026-05-15,C0118,Regular,South,Chennai,P001,Laptop,Electronics,1,,10.0,Debit Card,Website,4.5,5,56621.31,5662.13,50959.18,52000,-1040.82
T00505,2026-06-26,C0138,Regular,West,Ahmedabad,P009,Coffee Maker,Home Appliances,1,5881.4,0.0,Debit Card,Mobile App,4.8,5,5881.4,0.0,5881.4,4800,1081.4
T00506,2026-03-24,C0047,Premium,East,Bhubaneswar,P008,Running Shoes,Fashion,3,4375.23,5.0,Credit Card,Mobile App,3.8,5,13125.69,656.28,12469.41,10500,1969.41
T00507,2026-04-26,C0024,Regular,South,Bengaluru,P003,Headphones,Electronics,2,3644.09,25.0,Credit Card,Mobile App,3.8,4,7288.18,1822.04,5466.14,6400,-933.86
T00508,2026-08-17,C0088,Budget,North,Lucknow,P003,Headphones,Electronics,2,3697.35,5.0,Net Banking,Website,4.9,5,7394.7,369.74,7024.96,6400,624.96
T00509,2026-01-16,C0077,Budget,North,Delhi,P002,Smartphone,Electronics,1,31841.19,15.0,Cash,Website,3.7,6,31841.19,4776.18,27065.01,28000,-934.99
T00510,2026-04-13,C0070,Regular,West,Pune,P003,Headphones,Electronics,1,3737.76,5.0,Debit Card,Mobile App,3.2,5,3737.76,186.89,3550.87,3200,350.87
T00511,2026-07-12,C0115,Regular,,Mumbai,P004,Keyboard,Electronics,2,2957.68,15.0,Credit Card,Mobile App,4.2,1,5915.36,887.3,5028.06,4400,628.06
T00512,2026-04-03,C0053,Regular,East,Patna,P008,Running Shoes,Fashion,3,4126.14,0.0,Cash,Website,3.3,5,12378.42,0.0,12378.42,10500,1878.42
T00513,2026-06-10,C0014,Premium,South,Bengaluru,P006,Study Table,Furniture,2,7399.5,10.0,UPI,Website,4.3,4,14799.0,1479.9,13319.1,12400,919.1
T00514,2026-05-30,C0046,Regular,South,Hyderabad,P009,Coffee Maker,Home Appliances,5,6142.47,0.0,Cash,Website,4.4,3,30712.35,0.0,30712.35,24000,6712.35
T00515,2026-01-12,C0145,Regular,South,Hyderabad,P004,Keyboard,Electronics,4,2820.91,5.0,Cash,Mobile App,4.8,3,11283.64,564.18,10719.46,8800,1919.46
T00516,2026-01-23,C0037,Premium,South,Chennai,P003,Headphones,Electronics,4,4233.25,15.0,Credit Card,Mobile App,3.7,2,16933.0,2539.95,14393.05,12800,1593.05
T00517,2026-07-12,C0060,Budget,South,Hyderabad,P003,Headphones,Electronics,2,4019.21,15.0,Credit Card,Marketplace,4.3,8,8038.42,1205.76,6832.66,6400,432.66
T00518,2026-07-03,C0128,Regular,East,Patna,P009,Coffee Maker,Home Appliances,2,6389.01,20.0,Cash,Website,5.0,3,12778.02,2555.6,10222.42,9600,622.42
T00519,2026-04-02,C0138,Premium,West,Ahmedabad,P007,Backpack,Fashion,1,2185.8,5.0,UPI,Marketplace,3.4,3,2185.8,109.29,2076.51,1800,276.51
T00520,2026-03-06,C0034,Regular,North,Jaipur,P006,Study Table,Furniture,1,6805.78,15.0,Debit Card,Website,4.3,5,6805.78,1020.87,5784.91,6200,-415.09
T00521,2026-09-27,C0036,Regular,West,Ahmedabad,P010,Air Fryer,Home Appliances,2,9316.99,5.0,Net Banking,Website,4.2,6,18633.98,931.7,17702.28,14400,3302.28
T00522,2026-06-12,C0043,Regular,South,Chennai,P001,Laptop,Electronics,1,68455.71,15.0,UPI,Website,3.0,1,68455.71,10268.36,58187.35,52000,6187.35
T00523,2026-01-26,C0115,Regular,South,Chennai,P008,Running Shoes,Fashion,1,4419.8,15.0,Cash,Marketplace,4.4,1,4419.8,662.97,3756.83,3500,256.83
T00524,2026-02-22,C0100,Regular,West,Ahmedabad,P003,Headphones,Electronics,2,4162.72,20.0,Cash,Website,4.5,2,8325.44,1665.09,6660.35,6400,260.35
T00525,2026-09-29,C0129,Budget,West,Ahmedabad,P001,Laptop,Electronics,1,66063.2,5.0,Debit Card,Mobile App,4.1,3,66063.2,3303.16,62760.04,52000,10760.04
T00526,2026-07-21,C0132,Regular,West,Mumbai,P006,Study Table,Furniture,4,7489.65,0.0,Cash,Marketplace,4.1,2,29958.6,0.0,29958.6,24800,5158.6
T00527,2026-04-15,C0150,Regular,West,Mumbai,P008,Running Shoes,Fashion,5,4190.02,15.0,Net Banking,Mobile App,4.2,6,20950.1,3142.52,17807.58,17500,307.58
T00528,2026-06-18,C0062,Budget,West,Mumbai,P003,Headphones,Electronics,1,3597.75,5.0,Net Banking,Website,3.8,6,3597.75,179.89,3417.86,3200,217.86
T00529,2026-04-11,C0029,Regular,North,Jaipur,P001,Laptop,Electronics,3,67487.17,5.0,Credit Card,Website,3.8,1,202461.51,10123.08,192338.43,156000,36338.43
T00530,2026-02-02,C0098,Regular,South,Bengaluru,P004,Keyboard,Electronics,4,2935.08,20.0,Credit Card,Website,2.9,2,11740.32,2348.06,9392.26,8800,592.26
T00531,2026-05-19,C0028,Regular,South,Bengaluru,P003,Headphones,Electronics,6,3618.37,0.0,Debit Card,Mobile App,4.4,5,21710.22,0.0,21710.22,19200,2510.22
T00532,2026-01-20,C0048,Regular,West,Mumbai,P006,Study Table,Furniture,1,6863.0,,Cash,Website,4.5,4,6863.0,0.0,6863.0,6200,663.0
T00533,2026-08-30,C0130,Premium,East,Bhubaneswar,P005,Office Chair,Furniture,2,10477.86,25.0,Credit Card,Website,3.8,6,20955.72,5238.93,15716.79,15600,116.79
T00534,2026-04-27,C0043,Budget,South,Chennai,P010,Air Fryer,Home Appliances,1,8488.74,10.0,Cash,Mobile App,4.6,6,8488.74,848.87,7639.87,7200,439.87
T00535,2026-07-15,C0090,Regular,South,Chennai,P002,Smartphone,Electronics,2,33633.32,10.0,UPI,Mobile App,3.4,4,67266.64,6726.66,60539.98,56000,4539.98
T00536,2026-01-19,C0026,Regular,South,Chennai,P010,Air Fryer,Home Appliances,3,8495.85,5.0,Net Banking,Website,3.2,3,25487.55,1274.38,24213.17,21600,2613.17
T00537,2026-04-22,C0096,Regular,East,Kolkata,P005,Office Chair,Furniture,1,9729.72,5.0,Credit Card,Website,3.5,5,9729.72,486.49,9243.23,7800,1443.23
T00538,2026-06-12,C0075,Regular,South,Hyderabad,P009,Coffee Maker,Home Appliances,1,6397.91,0.0,Debit Card,Mobile App,4.3,5,6397.91,0.0,6397.91,4800,1597.91
T00539,2026-09-10,C0019,Budget,South,Hyderabad,P009,Coffee Maker,Home Appliances,1,,10.0,Debit Card,Website,4.3,5,5598.8,559.88,5038.92,4800,238.92
T00540,2026-04-20,C0136,Regular,South,Bengaluru,P001,Laptop,Electronics,1,69175.14,10.0,Net Banking,Mobile App,4.4,4,69175.14,6917.51,62257.63,52000,10257.63
T00541,2026-01-04,C0076,Regular,North,Delhi,P009,Coffee Maker,Home Appliances,4,5896.06,15.0,Credit Card,Website,3.9,2,23584.24,3537.64,20046.6,19200,846.6
T00542,2026-07-24,C0058,Regular,North,Lucknow,P005,Office Chair,Furniture,1,9623.02,10.0,Cash,Website,3.9,3,9623.02,962.3,8660.72,7800,860.72
T00543,2026-08-12,C0043,Regular,West,Pune,P003,Headphones,Electronics,5,3473.39,15.0,Debit Card,Mobile App,4.2,6,17366.95,2605.04,14761.91,16000,-1238.09
T00544,2026-01-15,C0082,Regular,South,Bengaluru,P008,Running Shoes,Fashion,6,4282.12,10.0,UPI,Marketplace,3.4,4,25692.72,2569.27,23123.45,21000,2123.45
T00545,2026-07-09,C0052,Budget,North,Jaipur,P007,Backpack,Fashion,4,2086.16,,UPI,Mobile App,5.0,4,8344.64,417.23,7927.41,7200,727.41
T00546,2026-09-29,C0116,Budget,South,Bengaluru,P009,Coffee Maker,Home Appliances,2,5740.56,10.0,UPI,Website,5.0,6,11481.12,1148.11,10333.01,9600,733.01
T00547,2026-05-13,C0071,Regular,West,Mumbai,P009,Coffee Maker,Home Appliances,1,6041.11,10.0,Cash,Website,3.3,6,6041.11,604.11,5437.0,4800,637.0
T00548,2026-01-09,C0013,Premium,North,Delhi,P003,Headphones,Electronics,1,3891.68,20.0,Debit Card,Marketplace,4.5,2,3891.68,778.34,3113.34,3200,-86.66
T00549,2026-04-20,C0128,Budget,South,Hyderabad,P008,Running Shoes,Fashion,3,4246.21,0.0,Net Banking,Mobile App,3.1,8,12738.63,0.0,12738.63,10500,2238.63
T00550,2026-01-11,C0064,Premium,West,Pune,P010,Air Fryer,Home Appliances,1,9453.6,5.0,Credit Card,Marketplace,4.9,3,9453.6,472.68,8980.92,7200,1780.92
T00551,2026-05-27,C0023,Regular,North,Delhi,P002,Smartphone,Electronics,2,36510.48,5.0,Credit Card,Marketplace,5.0,1,73020.96,3651.05,69369.91,56000,13369.91
T00552,2026-06-01,C0111,Regular,South,Bengaluru,P010,Air Fryer,Home Appliances,2,9092.27,15.0,Debit Card,Website,4.1,4,18184.54,2727.68,15456.86,14400,1056.86
T00553,2026-03-04,C0113,Regular,South,Hyderabad,P007,Backpack,Fashion,1,2188.79,5.0,Net Banking,Mobile App,5.0,4,2188.79,109.44,2079.35,1800,279.35
T00554,2026-02-21,C0128,Regular,North,Lucknow,P007,Backpack,Fashion,2,1985.7,0.0,,Website,3.3,2,3971.4,0.0,3971.4,3600,371.4
T00555,2026-02-23,C0020,Regular,West,Ahmedabad,P003,Headphones,Electronics,5,3463.92,5.0,Credit Card,Mobile App,4.3,4,17319.6,865.98,16453.62,16000,453.62
T00556,2026-02-25,C0076,Budget,East,Kolkata,P010,Air Fryer,Home Appliances,2,8147.84,10.0,UPI,Website,3.6,5,16295.68,1629.57,14666.11,14400,266.11
T00557,2026-02-26,C0062,Premium,West,Pune,P009,Coffee Maker,Home Appliances,2,5808.67,0.0,Credit Card,Website,5.0,3,11617.34,0.0,11617.34,9600,2017.34
T00558,2026-09-26,C0131,Regular,North,Jaipur,P008,Running Shoes,Fashion,4,4371.82,15.0,Cash,Mobile App,4.1,4,17487.28,2623.09,14864.19,14000,864.19
T00559,2026-08-11,C0118,Budget,East,Bhubaneswar,P005,Office Chair,Furniture,1,9068.85,15.0,Debit Card,Mobile App,2.7,3,9068.85,1360.33,7708.52,7800,-91.48
T00560,2026-05-03,C0053,Budget,East,Bhubaneswar,P001,Laptop,Electronics,4,63173.91,10.0,Net Banking,Website,4.7,3,252695.64,25269.56,227426.08,208000,19426.08
T00561,2026-09-30,C0068,Regular,South,Chennai,P010,Air Fryer,Home Appliances,3,8662.66,10.0,Cash,Website,2.1,1,25987.98,2598.8,23389.18,21600,1789.18
T00562,2026-03-30,C0146,Regular,South,Chennai,P004,Keyboard,Electronics,2,2735.41,10.0,Cash,Marketplace,3.8,5,5470.82,547.08,4923.74,4400,523.74
T00563,2026-05-18,C0102,Premium,North,Lucknow,P010,Air Fryer,Home Appliances,5,8493.37,0.0,UPI,Website,2.1,3,42466.85,0.0,42466.85,36000,6466.85
T00564,2026-01-06,C0038,Budget,West,Pune,P010,Air Fryer,Home Appliances,5,9471.48,0.0,Debit Card,Mobile App,4.2,4,47357.4,0.0,47357.4,36000,11357.4
T00565,2026-08-09,C0073,Regular,West,Mumbai,P010,Air Fryer,Home Appliances,2,8827.23,25.0,UPI,Marketplace,3.9,4,17654.46,4413.62,13240.84,14400,-1159.16
T00566,2026-09-27,C0143,Budget,South,Chennai,P006,Study Table,Furniture,2,7488.53,10.0,Net Banking,Mobile App,4.6,5,14977.06,1497.71,13479.35,12400,1079.35
T00567,2026-07-06,C0062,Regular,North,Delhi,P005,Office Chair,Furniture,4,10381.33,10.0,Credit Card,Mobile App,2.9,3,41525.32,4152.53,37372.79,31200,6172.79
T00568,2026-05-08,C0122,Regular,North,Jaipur,P004,Keyboard,Electronics,2,2818.45,0.0,Net Banking,Website,4.1,3,5636.9,0.0,5636.9,4400,1236.9
T00569,2026-02-28,C0101,Regular,South,Bengaluru,P008,Running Shoes,Fashion,3,4318.95,0.0,UPI,Mobile App,4.1,4,12956.85,0.0,12956.85,10500,2456.85
T00570,2026-08-22,C0131,Premium,West,Mumbai,P010,Air Fryer,Home Appliances,2,7900.91,10.0,Net Banking,Website,3.1,6,15801.82,1580.18,14221.64,14400,-178.36
T00571,2026-06-27,C0037,Budget,South,Bengaluru,P001,Laptop,Electronics,5,67855.24,5.0,UPI,Website,3.6,4,339276.2,16963.81,322312.39,260000,62312.39
T00572,2026-07-23,C0145,Regular,West,Pune,P007,Backpack,Fashion,1,2099.88,20.0,Net Banking,Mobile App,4.5,2,2099.88,419.98,1679.9,1800,-120.1
T00573,2026-02-15,C0085,Regular,North,Jaipur,P006,Study Table,Furniture,2,7011.36,0.0,Net Banking,Website,4.3,8,14022.72,0.0,14022.72,12400,1622.72
T00574,2026-04-27,C0043,Budget,West,Pune,P007,Backpack,Fashion,2,2193.11,5.0,Debit Card,Website,4.0,3,4386.22,219.31,4166.91,3600,566.91
T00575,2026-02-27,C0063,Regular,South,Chennai,P001,Laptop,Electronics,3,58632.2,15.0,UPI,Mobile App,3.2,3,175896.6,26384.49,149512.11,156000,-6487.89
T00576,2026-01-02,C0106,Regular,East,Kolkata,P005,Office Chair,Furniture,2,8822.2,20.0,Debit Card,Mobile App,3.3,2,17644.4,3528.88,14115.52,15600,-1484.48
T00577,2026-04-14,C0086,Budget,North,Jaipur,P004,Keyboard,Electronics,3,2429.0,10.0,Credit Card,Mobile App,3.6,3,7287.0,728.7,6558.3,6600,-41.7
T00578,2026-02-16,C0107,Budget,West,Mumbai,P004,Keyboard,Electronics,3,2423.57,5.0,UPI,Marketplace,3.3,6,7270.71,363.54,6907.17,6600,307.17
T00579,2026-02-28,C0003,Budget,North,Lucknow,P002,Smartphone,Electronics,2,34053.45,10.0,UPI,Mobile App,3.0,1,68106.9,6810.69,61296.21,56000,5296.21
T00580,2026-04-23,C0044,Premium,South,Bengaluru,P003,Headphones,Electronics,3,4202.46,5.0,Cash,Website,3.4,5,12607.38,630.37,11977.01,9600,2377.01
T00581,2026-05-09,C0035,Premium,South,Hyderabad,P002,Smartphone,Electronics,2,35257.83,15.0,Credit Card,Website,3.6,3,70515.66,10577.35,59938.31,56000,3938.31
T00582,2026-06-25,C0131,Budget,South,Bengaluru,P010,Air Fryer,Home Appliances,4,8652.17,15.0,UPI,Website,3.5,5,34608.68,5191.3,29417.38,28800,617.38
T00583,2026-09-04,C0060,Budget,South,Bengaluru,P005,Office Chair,Furniture,3,9471.19,0.0,Net Banking,Website,3.9,1,28413.57,0.0,28413.57,23400,5013.57
T00584,2026-02-24,C0051,Regular,South,Bengaluru,P001,Laptop,Electronics,5,63986.31,20.0,UPI,Website,3.2,2,319931.55,63986.31,255945.24,260000,-4054.76
T00585,2026-03-18,C0131,Premium,North,Jaipur,P007,Backpack,Fashion,4,2012.12,10.0,Net Banking,Website,3.9,1,8048.48,804.85,7243.63,7200,43.63
T00586,2026-07-10,C0030,Regular,South,Bengaluru,P009,Coffee Maker,Home Appliances,4,6425.35,20.0,Cash,Website,3.7,5,25701.4,5140.28,20561.12,19200,1361.12
T00587,2026-09-17,C0039,Regular,East,Bhubaneswar,P010,Air Fryer,Home Appliances,1,9316.41,5.0,Credit Card,Mobile App,3.6,3,9316.41,465.82,8850.59,7200,1650.59
T00588,2026-08-22,C0073,Premium,South,Hyderabad,P008,Running Shoes,Fashion,2,4099.14,10.0,Debit Card,Mobile App,4.2,4,8198.28,819.83,7378.45,7000,378.45
T00589,2026-07-18,C0112,Premium,West,Mumbai,P007,Backpack,Fashion,3,2210.14,10.0,Debit Card,Marketplace,3.9,25,6630.42,663.04,5967.38,5400,567.38
T00590,2026-09-15,C0019,Regular,South,Bengaluru,P008,Running Shoes,Fashion,2,4162.4,10.0,Credit Card,Mobile App,4.0,5,8324.8,832.48,7492.32,7000,492.32
T00591,2026-09-21,C0121,Premium,North,Jaipur,P007,Backpack,Fashion,1,2222.32,10.0,Cash,Website,4.8,5,2222.32,222.23,2000.09,1800,200.09
T00592,2026-02-01,C0057,Budget,North,Delhi,P002,Smartphone,Electronics,3,34022.31,20.0,Credit Card,Website,3.2,4,102066.93,20413.39,81653.54,84000,-2346.46
T00593,2026-04-07,C0019,Regular,West,Pune,P003,Headphones,Electronics,5,3877.72,10.0,UPI,Mobile App,3.9,8,19388.6,1938.86,17449.74,16000,1449.74
T00594,2026-01-05,C0080,Budget,South,Chennai,P009,Coffee Maker,Home Appliances,3,5759.88,20.0,Credit Card,Marketplace,3.7,6,17279.64,3455.93,13823.71,14400,-576.29
T00595,2026-02-02,C0111,Regular,North,Jaipur,P003,Headphones,Electronics,3,3608.65,10.0,UPI,Marketplace,4.3,5,10825.95,1082.6,9743.35,9600,143.35
T00596,2026-01-29,C0144,Premium,West,Pune,P003,Headphones,Electronics,1,4235.26,10.0,Cash,Marketplace,4.7,4,4235.26,423.53,3811.73,3200,611.73
T00597,2026-07-29,C0029,Budget,East,Kolkata,P008,Running Shoes,Fashion,2,4423.59,10.0,Net Banking,Website,4.7,4,8847.18,884.72,7962.46,7000,962.46
T00598,2026-02-23,C0138,Regular,West,Ahmedabad,P001,Laptop,Electronics,2,64911.33,0.0,UPI,Mobile App,3.5,3,129822.66,0.0,129822.66,104000,25822.66
T00599,2026-06-27,C0123,Premium,East,Patna,P002,Smartphone,Electronics,2,35421.93,15.0,Cash,Marketplace,3.7,5,70843.86,10626.58,60217.28,56000,4217.28
T00600,2026-03-10,C0069,Regular,North,Lucknow,P005,Office Chair,Furniture,3,8504.79,10.0,UPI,Mobile App,3.8,6,25514.37,2551.44,22962.93,23400,-437.07
T00262,2026-09-26,C0011,Regular,West,Pune,P006,Study Table,Furniture,3,6957.94,10.0,Debit Card,Website,4.7,30,20873.82,2087.38,18786.44,18600,186.44
T00133,2026-09-23,C0089,Premium,North,Jaipur,P007,Backpack,Fashion,2,2131.82,10.0,Debit Card,Mobile App,3.0,6,4263.64,426.36,3837.28,3600,237.28
T00576,2026-01-02,C0106,Regular,East,Kolkata,P005,Office Chair,Furniture,2,8822.2,20.0,Debit Card,Mobile App,3.3,2,17644.4,3528.88,14115.52,15600,-1484.48
T00455,2026-09-13,C0056,Premium,East,Patna,P010,Air Fryer,Home Appliances,2,9414.69,10.0,UPI,Mobile App,3.3,4,18829.38,1882.94,16946.44,14400,2546.44
T00338,2026-02-02,C0012,Budget,North,Jaipur,P005,Office Chair,Furniture,2,10520.81,0.0,Debit Card,Website,4.2,1,21041.62,0.0,21041.62,15600,5441.62
T00581,2026-05-09,C0035,Premium,South,Hyderabad,P002,Smartphone,Electronics,2,35257.83,15.0,Credit Card,Website,3.6,3,70515.66,10577.35,59938.31,56000,3938.31
T00317,2026-09-02,C0107,Regular,East,Bhubaneswar,P004,Keyboard,Electronics,2,2711.15,20.0,Debit Card,Mobile App,3.4,3,5422.3,1084.46,4337.84,4400,-62.16
T00440,2026-04-04,C0138,Regular,East,Bhubaneswar,P007,Backpack,Fashion,3,2200.15,10.0,Net Banking,Website,4.7,5,6600.45,660.04,5940.41,5400,540.41
